US Election,GE11,GE12,GE13S,GE13,GE14,GE15
44352,18322,16991,21473,21473,15032,24267
39332,9058,11643,14047,14047,13594,11753
1115,22498,23821,23343,23343,7874,7085
616,9950,10150,19306,19306,20909,1939
191678,17367,16451,19376,19376,15306,244
82545,14124,16151,18005,18005,8465,24562
3785,16510,13762,406,406,16547,15370
2031,5738,8792,21407,21407,11691,15143
68435,19123,19424,9546,9546,11362,708
56873,16981,17219,180,180,18954,417
1250,26657,24179,24161,24161,10061,31458
623,12945,17119,20891,20891,5512,8242
9441,14776,15003,33334,33334,18695,7089
2570,12604,14634,22890,22890,12829,25463
2143,29740,29687,20654,20654,12413,11945
98406,22440,23956,16212,16212,29984,5417
53895,28379,20741,243,243,16975,4566
16011,13864,20557,36198,36198,13375,89
21959,36707,35689,32263,32263,16384,31685
9013,26493,28671,27364,27364,15285,11229
5065,24430,27311,25491,25491,7254,6149
2815,24380,23238,3530,3530,28959,3144
671,30154,26510,257,257,23401,47584
614,19749,24211,42870,42870,18390,16000
3333,15357,16864,37923,37923,32475,14489
1017,15038,16383,32165,32165,17275,5329
933,29607,25541,29527,29527,14181,28217
23737,14162,22443,32429,32429,36624,17258
9661,36067,33822,31233,31233,23143,2702
5094,18565,24441,22084,22084,19400,452
4953,32661,36074,19277,19277,26536,52275
2381,28432,28461,38538,38538,20728,20524
1623,26269,28774,34416,34416,14901,14523
6077,15953,17036,44194,44194,81,622
1864,25403,23445,34646,34646,22312,37486
1569,7281,12199,772,772,21773,27555
8833,22011,20448,200,200,21651,8930
3373,11828,15901,43504,43504,20088,2383
2940,23095,33748,38319,38319,14870,366
34669,19473,11678,34151,34151,6970,151
19077,21737,30348,25714,25714,30902,115
3680,21147,16950,2630,2630,20830,56298
8164,26215,37882,390,390,19618,28237
2242,17651,22050,279,279,45532,13879
1780,17097,23067,25128,25128,23963,1805
7971,8099,13582,20952,20952,22760,256
2514,6552,20210,24393,24393,279,49008
2406,18823,17123,21351,21351,38557,17719
3064,12818,31243,1590,1590,37483,8058
1242,28281,15131,46466,46466,14472,809
553,17564,28248,12307,12307,31724,49461
8313,21652,9759,328,328,22911,16269
2016,17424,30493,37090,37090,15449,15590
1531,24988,14247,25369,25369,22459,973
18353,17518,882,201,201,17723,34606
4559,22529,35140,55877,55877,12120,12819
2383,21268,14125,12814,12814,18547,3736
7911,29430,27618,36636,36636,18466,52573
2787,10579,16589,10674,10674,14891,31554
1562,21114,15749,1801,1801,51653,16691
13042,8177,15041,305,305,7751,1201
3293,12293,12526,30003,30003,502,525
3158,4213,6953,21405,21405,181,50580
26829,10924,10992,297,297,35534,49465
15638,5292,6073,45591,45591,19866,27391
5482,18421,15878,12813,12813,14428,2342
14403,10983,13967,35510,35510,63784,226
4586,19317,21221,6865,6865,10907,64493
2599,14619,13670,43211,43211,42683,35356
46223,19827,18943,17461,17461,9130,8636
20512,14213,15530,55839,55839,2636,579
7690,16846,20015,14061,14061,256,51637
6933,10144,18449,43558,43558,35395,35377
1707,20129,872,24251,24251,19578,2983
1414,17957,28098,22318,22318,6875,846
24972,4371,16800,20779,20779,331,424
14948,9214,9830,16415,16415,50049,149
1669,4442,8081,10199,10199,9318,34469
5189,18797,16458,13285,13285,339,21408
1613,8562,14637,9832,9832,34663,13872
1150,2864,864,22184,22184,5064,591
8633,31824,27942,16888,16888,50700,28604
1690,14464,22556,278,278,12529,25737
1499,28851,37364,26015,26015,437,14214
5436,19077,15422,17539,17539,65622,747
2084,22935,32576,23014,23014,9671,31116
1603,22337,17042,21874,21874,412,18864
11607,28662,39922,329,329,51555,16547
2990,20735,15295,30563,30563,13804,406
1533,11305,10735,29577,29577,8757,179
16847,5748,9277,37275,37275,733,55797
5849,15867,15831,25530,25530,25471,6149
4325,11303,14003,13005,13005,19007,5385
9579,12808,12399,10775,10775,5298,1323
2604,8112,9526,21593,21593,13243,37638
2511,23129,20126,18800,18800,7715,32366
117749,13655,17429,197,197,6353,16971
58714,29660,29696,42093,42093,12523,473
17121,15400,22328,32768,32768,6750,71722
25647,16945,14084,49086,49086,3932,14037
8624,7359,11064,15086,15086,18184,6986
8538,19422,16928,45420,45420,13698,50744
14083,10875,14240,16382,16382,7738,10344
4514,27415,25698,235,235,16753,7145
1602,15801,25400,53900,53900,13655,450
50697,18665,18486,15304,15304,12312,148
23179,8829,17016,14218,14218,17220,42188
14246,6128,21016,13136,13136,17048,25895
12491,24025,15594,447,447,12987,10660
4442,9489,36714,21939,21939,22450,565
4128,27919,27337,16882,16882,18361,49353
24359,26099,26763,16253,16253,16052,6743
9871,20621,15452,11756,11756,42997,5417
6317,14399,28673,26863,26863,15613,677
11759,17526,19682,21463,21463,11133,299
3168,16275,19344,47558,47558,10491,31968
2804,6198,14858,32249,32249,7943,3214
11714,15027,330,20670,20670,6847,2501
4188,14295,27179,12743,12743,20817,50369
3234,21430,16537,2053,2053,15210,11765
10378,15803,28835,337,337,5194,7387
2904,25194,25934,24875,24875,1505,480
2089,21922,21738,17489,17489,38661,442
5227,20024,21338,40308,40308,33341,264
1938,17136,17554,32140,32140,14948,71204
1240,16107,15970,27399,27399,56519,8092
9076,13580,1439,20086,20086,13722,6777
3711,27018,28365,279,279,55613,55209
1750,23208,24397,28225,28225,9889,20307
7547,17464,21041,23897,23897,52850,13377
2676,17329,19581,46151,46151,8982,440
1930,16960,17168,35527,35527,955,251
47467,9607,12732,34617,34617,12102,124
17630,19148,23562,19497,19497,11371,24564
12177,16732,18578,33431,33431,6583,22982
11210,13570,14063,25384,25384,41231,15478
2809,6972,9669,23724,23724,13277,366
1821,26087,29376,17448,17448,5759,341
23029,17587,18786,35510,35510,14035,180
6845,23079,26610,18769,18769,7715,15105
5784,16383,19378,35419,35419,7240,13728
7520,24895,26439,35218,35218,30216,5779
1690,20798,25098,26912,26912,18415,12588
1365,30994,32562,25938,25938,3864,11709
112352,29061,31934,26505,26505,48923,3382
94841,28076,685,22278,22278,19145,28350
10039,27913,33435,213,213,11165,16752
26129,23815,30688,33579,33579,16086,6207
18133,16055,27784,31691,31691,15472,566
4356,26398,17324,25660,25660,4616,23223
13371,21502,29264,24855,24855,20003,17828
3881,36517,24270,21223,21223,12291,11593
3616,20635,37199,15954,15954,11151,259
29434,10226,24516,27919,27919,21955,33753
14254,3966,9164,25876,25876,21555,15202
8118,13870,6047,21367,21367,10135,13195
203475,6246,12611,12954,12954,18909,383
152405,13870,8474,35232,35232,13836,32625
34974,6246,12611,26890,26890,4061,19869
13145,20472,8474,33198,33198,29170,18565
4025,10650,18078,25255,25255,17991,508
2634,21349,15326,33861,33861,6494,47098
3232,12892,19543,33251,33251,24672,21569
1177,25177,17597,45828,45828,19314,14599
709,10948,19823,35043,35043,10311,1154
9208,21324,18796,182,182,47041,236
2714,12177,18398,42984,42984,29541,113
2439,20474,16572,37860,37860,10003,12931
33033,7956,19355,31940,31940,32592,9885
24605,31956,10852,23727,23727,19360,7062
4885,9034,36262,35348,35348,7435,21637
10587,15725,9798,31406,31406,28080,19791
3785,8483,15868,384,384,15005,8190
2812,16021,9227,45525,45525,5373,784
22161,8670,16165,33219,33219,5093,614
8184,24633,10900,10506,10506,24581,598
5602,12026,21381,10044,10044,18431,35
4358,27144,18940,912,912,5361,49625
1148,10305,25134,308,308,35620,45889
1050,16714,12585,101,101,16251,28140
12498,12244,18051,14863,14863,11557,1115
3353,19359,14230,11394,11394,36188,57549
3237,10009,21308,303,303,32896,13661
2210,13826,10629,14863,14863,4880,8570
641,8478,12055,11394,11394,25467,63915
335,15337,10720,303,303,20841,7248
5591,7988,16069,23415,23415,6799,6815
1952,27807,11060,20601,20601,28152,378
1216,13324,23177,26544,26544,25223,60999
5857,17750,22979,22012,22012,4747,7163
2137,8742,16073,30584,30584,32307,6793
1852,22001,12253,23061,23061,30947,14380
4766,8339,18796,193,193,4896,10814
1127,36343,17934,25834,25834,26076,10356
1079,13117,30701,21319,21319,23252,204
5523,39870,27134,23747,23747,5695,46710
2518,26663,1332,16032,16032,21665,12739
607,33214,40334,272,272,15018,12724
4199,13482,33467,51278,51278,2078,17181
1092,26721,26995,15665,15665,28903,15026
850,12609,23319,19249,19249,20911,5063
45996,40937,25236,12774,12774,5173,275
33397,18160,22275,21575,21575,19426,30467
7131,34495,36124,15370,15370,15513,16137
9648,23215,34379,28267,28267,4997,12127
2773,21291,47444,27197,27197,34335,655
809,9409,26419,25947,25947,29736,55880
3874,9185,35079,25568,25568,6864,28732
1019,32941,22486,21669,21669,35020,18393
875,17481,35024,19526,19526,32218,633
9375,35054,28315,670,670,4740,18398
4269,13638,28598,30040,30040,37974,13334
2876,32422,22892,14926,14926,29527,12115
7399,19379,37851,16387,16387,4604,335
1863,32941,17879,14743,14743,42988,200
1732,17481,35024,18695,18695,28215,99
9518,32417,28315,18296,18296,15380,24897
2458,19007,33356,37403,37403,53749,19894
2231,44007,24042,33989,33989,31795,11693
4949,29419,48196,1105,1105,5138,539
1716,32138,35899,999,999,30925,25212
1215,18857,37990,20548,20548,28057,24849
60696,24376,20289,16154,16154,3364,20358
48610,16137,38630,340,340,40850,385
5387,3608,17879,27500,27500,27731,358
6062,34118,26687,27040,27040,6833,16578
2295,12623,25698,52287,52287,39878,16230
1613,30755,26381,34441,34441,37715,8822
12269,11918,21532,4152,4152,12911,226
4099,23282,35552,54827,54827,10307,33133
3499,21428,11704,50093,50093,9710,17964
7272,28718,29785,474,474,3587,12304
2461,17201,20330,41969,41969,680,793
926,23135,19637,28691,28691,81,25140
6730,12950,19487,48183,48183,13995,21599
2026,28061,25046,21454,21454,7426,20963
1427,11093,17314,2415,2415,6671,1032
11407,27757,25489,64127,64127,13995,609
2939,8088,17355,46860,46860,7426,328
1739,22910,17857,79238,79238,6671,65426
6009,11095,15885,37032,37032,20659,30633
1550,19103,26811,62938,62938,17500,7762
1357,18799,12534,30136,30136,7866,593
2846,1107,21728,66268,66268,22640,245
822,132,18833,39549,39549,16732,53933
412,26474,489,4454,4454,10877,15663
37979,11186,47230,460,460,28578,7356
26179,33197,10738,218,218,17628,451
7057,20302,39253,41062,41062,17515,358
5169,29056,10953,21846,21846,22807,41869
1707,17195,28123,1447,1447,14696,19256
1200,33223,25608,57407,57407,13667,16168
2533,15696,4038,12735,12735,19033,528
603,4086,1304,66268,66268,13291,107
323,540,19737,39549,39549,11776,91
46490,20650,8127,4454,4454,43854,44444
27242,5870,25294,460,460,18995,13727
3658,26360,12974,218,218,7662,6439
4938,9280,32970,49009,49009,103,543
1531,36542,29022,38070,38070,16064,37759
917,20306,20417,69849,69849,12301,17123
25917,22105,10409,46059,46059,4360,4256
13999,8763,34271,6289,6289,18058,1216
3419,25009,21120,1067,1067,15182,173
9111,20446,26525,835,835,5071,55654
2979,28664,20779,231,231,23998,14807
2421,10008,23348,53719,53719,22094,10236
3009,28494,20544,29034,29034,14734,687
777,10717,601,59106,59106,178,57130
672,23936,24022,29711,29711,46,27229
22703,5852,10943,2364,2364,25716,4366
9074,24188,21582,280,280,23684,418
1747,5789,9297,40983,40983,5706,274
7919,29920,26354,35625,35625,20760,40542
2408,7372,13470,426,426,18449,17435
1746,33039,30460,36774,36774,8096,4662
16914,8595,15960,35670,35670,26628,223
7534,31217,38640,963,963,15233,54266
3172,30998,27250,318,318,7876,9781
9371,31198,28101,47837,47837,12862,5357
2712,9864,15373,7530,7530,11188,168
1967,17953,15921,2757,2757,9300,114
7334,10144,12930,41672,41672,17350,52937
1978,19628,17979,28388,28388,16636,23828
1826,4786,8112,949,949,7220,3864
11522,16469,13658,209,209,40783,349
3191,5740,9564,164,164,27392,35603
2738,23679,21028,31641,31641,16620,25449
6597,4932,8447,26130,26130,426,3934
3546,30967,25319,41383,41383,17596,128
131,9296,17702,22184,22184,15626,27072
44,29320,21051,26809,26809,7276,14608
7195,10261,20329,25419,25419,29842,1140
2356,21116,16986,23034,23034,21344,133
140,7701,12325,22168,22168,8535,42740
42,26974,26066,30408,30408,60158,17552
2171,9788,12467,11009,11009,19501,4148
533,20065,20230,31008,31008,18343,241
51,4302,6321,29161,29161,75113,21826
15,21512,19641,167,167,26392,21663
7643,5316,8767,61500,61500,17537,4517
2663,38982,32593,9948,9948,54307,371
232,9880,19625,48249,48249,12351,49569
70,18997,16450,10840,10840,9598,30903
12356,4842,8597,44067,44067,294,4339
2841,18997,16450,32235,32235,64733,553
242,4842,8597,793,793,12190,50768
88,33001,27970,191,191,8336,31736
5114,14303,24189,9943,9943,442,2125
816,19575,17988,4402,4402,73,203
69,2597,6418,22114,22114,49004,56697
33,19222,20116,15013,15013,23580,26932
6410,4649,6380,31109,31109,15663,3708
1762,19706,19031,22495,22495,102557,291
134,2618,4982,45628,45628,33789,63016
51,0,22682,33075,33075,19766,22109
8017,0,3721,6866,6866,215,10946
2179,32071,0,221,221,60429,481
181,6060,30860,83,83,12794,73115
56,38123,16202,24507,24507,10255,31386
5063,7002,35849,14846,14846,104430,4140
773,54073,18568,48964,48964,12077,427
91,7281,43143,25479,25479,9025,42910
21,42406,17794,43053,43053,173,27176
48056,7480,38036,24696,24696,78984,1740
40478,41001,17587,325,325,21847,182
1711,9335,33630,29848,29848,14448,59720
460,32278,24779,28269,28269,121283,25615
22147,14134,32017,394,394,14380,5307
13225,26667,20273,29390,29390,617,322
719,5509,23121,18228,18228,43631,305
303,28046,8677,27688,27688,16997,65714
14337,4431,23302,11488,11488,16681,38535
3349,10579,10931,32594,32594,642,8340
257,7867,17634,20997,20997,55949,506
61,12590,7739,39468,39468,22100,16120
3603,2030,12028,23835,23835,15194,11576
916,18236,7830,49521,49521,47731,5569
98,5420,1109,28775,28775,31425,17672
33,17914,457,33736,33736,26412,11554
14950,15873,17842,21973,21973,525,6366
5611,21155,14822,20037,20037,98279,263
461,13424,17645,18820,18820,19506,17672
79,0,11023,19934,19934,9169,11554
18837,15368,879,16927,16927,120,6366
5461,6270,16884,15821,15821,90697,263
326,13960,5423,15468,15468,19555,21613
104,4265,3709,26274,26274,17874,17256
29127,10767,9464,13432,13432,43239,16939
10272,1035,9358,30619,30619,26127,427
630,0,8420,28652,28652,18731,31701
132,9679,341,31118,31118,46740,23609
3671,5311,13737,26051,26051,28035,11444
770,6962,7292,20867,20867,15882,41692
44,4927,918,19221,19221,56516,33293
13,11618,13400,30258,30258,4888,16530
2412,1895,10337,18505,18505,38125,1864
401,11995,696,22045,22045,13687,25514
38,4450,404,14735,14735,10610,22648
10,15485,15352,22453,22453,383,19114
37025,3886,5778,16692,16692,42178,486
18770,1667,2268,38667,38667,17940,26899
1028,864,429,36935,36935,13490,25582
319,15485,10242,19754,19754,53124,9192
5771,3886,4789,14048,14048,7422,310
1104,1667,1615,19754,19754,4181,47418
124,864,205,14048,14048,34471,38469
30,8388,14780,40574,40574,20099,6316
3100,5700,3866,33215,33215,6282,472
910,6438,11905,22841,22841,23840,366
57,4381,5759,12210,12210,19701,19600
5,14895,14074,26184,26184,6845,17779
34827,10174,6823,10437,10437,44516,3547
10863,20501,619,25698,25698,7256,166
804,17161,14598,8502,8502,636,22505
166,11829,10334,30373,30373,33313,21481
2667,2651,560,5799,5799,27715,3593
648,7876,9535,26992,26992,5277,174
36,4260,2652,4484,4484,63094,30929
21,0,2499,795,795,7035,25409
64682,6949,485,39985,39985,56671,25191
58224,3283,0,38218,38218,7006,1108
2287,20225,7090,43834,43834,41126,25075
685,8958,1271,42899,42899,21196,24383
7518,2583,571,44285,44285,7884,16233
3001,0,0,34151,34151,12148,798
213,7551,0,43751,43751,8776,168
92,13236,13668,40525,40525,3634,31762
26886,6488,6139,54284,54284,19062,15067
11726,2375,9479,39522,39522,17017,12719
796,1282,5771,43338,43338,2878,31589
165,10457,8297,29888,29888,26819,30151
6224,7268,8121,238,238,25188,4779
2162,19185,2929,27804,27804,5267,408
234,8956,8507,14077,14077,55503,17973
46,1586,2181,25038,25038,24809,12917
8480,17722,1515,19581,19581,11506,9627
2230,8555,19419,21883,21883,18045,460
176,16426,1957,9507,9507,17845,19791
46,5201,13943,3083,3083,4347,17070
3348,16047,9076,963,963,61806,13984
668,5187,3278,15168,15168,14939,225
67,3511,0,14326,14326,8260,46823
22,13816,,2228,2228,302,45261
6646,5984,,444,444,36096,27050
1294,16032,,21768,21768,31732,1849
114,3325,,16673,16673,6028,1013
41,960,,2709,2709,36225,446
2997,927,,979,979,18515,18054
783,0,,185,185,6594,15874
77,9655,,20685,20685,22435,12314
23,4547,,15495,15495,21433,3557
3763,0,,2264,2264,4598,1406
930,0,,1509,1509,22898,31033
93,7547,,22845,22845,14739,30031
30,6160,,13403,13403,4688,23639
5768,3310,,4070,4070,29330,1778
1141,1609,,1931,1931,22350,72773
170,0,,28516,28516,6135,49154
34,8032,,9557,9557,32420,19425
5773,5628,,909,909,27761,2584
1046,5880,,17465,17465,8961,945
118,5272,,7958,7958,39067,72267
34,557,,2604,2604,30427,59538
7880,0,,1068,1068,7089,30723
2281,13140,,22598,22598,76518,2223
118,2471,,12382,12382,27343,675
30,0,,1119,1119,1415,56754
37136,9538,,21196,21196,26560,27073
14957,8208,,10661,10661,26341,11509
926,543,,838,838,8860,4589
351,0,,13754,13754,24060,2653
6192,13970,,8031,8031,18584,1423
1537,1704,,650,650,2676,188
112,1162,,240,240,19559,148
29,764,,12827,12827,18278,93
2539,676,,12154,12154,16709,74002
631,0,,409,409,13301,25706
42,0,,16377,16377,2020,11664
8,,,6908,6908,23558,3323
84582,,,505,505,16631,961
53519,,,15434,15434,2483,58382
2855,,,11823,11823,34706,43486
668,,,2559,2559,26040,32570
3537,,,914,914,4668,1655
821,,,15818,15818,38718,370
53,,,11900,11900,15507,326
15,,,7825,7825,7575,141568
3139,,,9771,9771,22341,71867
602,,,5885,5885,15388,25685
47,,,2449,2449,4354,3148
12,,,1766,1766,24481,752
7928,,,423,423,18140,676
2574,,,9467,9467,7148,401
155,,,7723,7723,17076,194
57,,,3554,3554,16773,79425
4037,,,152,152,4975,21468
929,,,13174,13174,21511,18263
66,,,3186,3186,18223,1793
31,,,1460,1460,4548,138259
1928,,,542,542,45929,23185
361,,,19584,19584,28035,16539
34,,,7998,7998,8173,83311
10,,,3219,3219,18157,32736
3525,,,502,502,14682,23253
1387,,,13085,13085,2983,4052
118,,,9287,9287,18157,2049
36,,,410,410,14682,461
14947,,,14226,14226,2983,142875
3210,,,13138,13138,47671,18256
287,,,13377,13377,24618,13806
84,,,3646,3646,8242,50943
3266,,,1153,1153,21353,48250
1105,,,1130,1130,14691,29060
116,,,25559,25559,19806,829
44,,,4654,4654,11347,279
194273,,,325,325,6215,165
128938,,,21331,21331,20142,113
5540,,,16352,16352,14209,61409
2606,,,633,633,2683,43314
37714,,,553,553,26407,28266
13204,,,23125,23125,11786,2781
956,,,8904,8904,21829,65751
286,,,1313,1313,10412,53969
73942,,,891,891,64535,35079
38866,,,603,603,27310,1474
2105,,,137,137,12098,1015
781,,,132,132,61615,477
15321,,,8551,,36889,265
6895,,,4250,,6278,115539
643,,,1476,,227,23738
168,,,306,,50052,19762
1516,,,15800,,30270,3016
294,,,3855,,55447,1140
20,,,19515,,26523,439
4,,,5118,,4332,271
13681,,,22901,,591,123306
2747,,,12949,,80726,49308
260,,,21966,,35862,22225
82,,,18896,,55312,2063
12238,,,2198,,22564,360
4451,,,15559,,6667,209
274,,,4148,,21132,163
70,,,898,,20299,106
14176,,,14182,,4295,52867
3185,,,7525,,21255,51034
347,,,15793,,20731,18685
105,,,2366,,2962,591
3638,,,8183,,12771,512
880,,,2758,,9747,171
31,,,11015,,26379,56264
19,,,2923,,6894,47315
21014,,,250,,28306,31097
7116,,,9700,,13289,2337
604,,,5448,,1350,319
171,,,6769,,48548,264
4275,,,5159,,12575,194
1308,,,13708,,33060,165
83,,,1999,,18839,64308
25,,,12470,,25070,3227
5258,,,3764,,8078,2795
1332,,,0,,2719,1461
89,,,10588,,18865,528
30,,,10537,,14860,45716
7325,,,545,,795,23475
1438,,,116,,17545,10398
166,,,105,,7640,4603
38,,,10588,,2234,849
6096,,,10537,,14208,653
1575,,,545,,1880,628
101,,,116,,978,575
25,,,105,,14204,137
4362,,,10351,,3927,112
1126,,,2767,,2020,46031
144,,,0,,14141,25335
26,,,19476,,8321,19595
3875,,,14612,,538,987
815,,,19138,,5834,576
71,,,15903,,4775,216
11,,,812,,3942,68438
10082,,,10090,,12517,8754
3015,,,3792,,4401,8304
144,,,0,,3802,34434
41,,,0,,11848,22270
1533,,,6590,,10859,16333
204,,,4426,,11402,953
21,,,23628,,2728,492
7,,,8663,,10538,282
10213,,,8238,,2043,25042
1888,,,4590,,16327,20410
165,,,19354,,13757,14518
60,,,14138,,392,888
3521,,,7996,,16327,43827
1106,,,3952,,13757,4850
45,,,6427,,392,4259
23,,,5751,,10105,35359
5784,,,8526,,8174,21447
1237,,,,,9552,19098
113,,,,,5240,810
18,,,,,29905,73234
3472,,,,,15359,6047
900,,,,,628,6032
51,,,,,33811,1276
15,,,,,22389,865
4416,,,,,377,60294
1239,,,,,176,5846
70,,,,,13853,5606
24,,,,,6853,43476
7372,,,,,11228,33659
1880,,,,,10742,15886
139,,,,,14302,16002
65,,,,,3823,13692
5338,,,,,11834,5988
1723,,,,,5519,878
89,,,,,27076,63
26,,,,,20054,20
22031,,,,,328,21805
5692,,,,,12214,13680
457,,,,,8538,9596
104,,,,,1617,253
6900,,,,,35739,30138
2759,,,,,22076,24281
146,,,,,12171,16722
40,,,,,10181,654
3770,,,,,12589,63916
840,,,,,4879,33075
60,,,,,10037,24584
18,,,,,4037,1336
6512,,,,,176,373
927,,,,,18503,21423
73,,,,,17144,14940
22,,,,,1432,11560
3963,,,,,13033,406
769,,,,,11259,333
61,,,,,7113,81434
25,,,,,2501,19447
4030,,,,,23429,18810
1490,,,,,19167,53075
56,,,,,2092,33178
23,,,,,1410,21875
7595,,,,,22494,779
1630,,,,,14870,529
105,,,,,2611,42013
31,,,,,2311,18412
13645,,,,,1357,18235
4876,,,,,28420,1084
339,,,,,15436,441
131,,,,,2958,23283
13408,,,,,971,22007
5621,,,,,31632,14962
405,,,,,7546,781
76,,,,,3132,25604
5727,,,,,14106,21193
1810,,,,,11767,7445
101,,,,,2434,507
26,,,,,1755,28178
29616,,,,,728,27288
26293,,,,,32470,17211
971,,,,,8997,323
251,,,,,1196,37406
12319,,,,,445,28557
2475,,,,,17394,25095
237,,,,,17069,702
41,,,,,892,267
10261,,,,,481,39418
3599,,,,,11942,30780
308,,,,,11786,23549
97,,,,,1300,739
1984,,,,,11354,73995
323,,,,,8023,27575
15,,,,,7835,20686
8,,,,,12038,925
4351,,,,,11186,27893
1216,,,,,1547,27571
57,,,,,14880,21674
9,,,,,13804,460
7842,,,,,3148,23437
2532,,,,,1110,17768
247,,,,,13286,8385
81,,,,,13241,1062
7964,,,,,12742,18941
3279,,,,,433,17207
221,,,,,248,11612
89,,,,,199,339
2501,,,,,11363,138
633,,,,,10230,16133
66,,,,,645,13300
18,,,,,11783,5312
4629,,,,,9469,24986
899,,,,,2839,14979
90,,,,,212,14426
24,,,,,65,33650
128230,,,,,13007,23881
87888,,,,,5892,22292
3469,,,,,996,269
1026,,,,,284,140
3880,,,,,273,75
995,,,,,246,36636
70,,,,,17799,17382
29,,,,,17121,17222
6180,,,,,1223,1900
3011,,,,,12976,19961
137,,,,,8357,18616
45,,,,,980,14581
19258,,,,,948,25740
7682,,,,,19094,23719
614,,,,,8996,13495
209,,,,,14465,18911
317327,,,,,4987,15948
207535,,,,,2066,11833
7009,,,,,26809,23242
3404,,,,,6135,19242
6443,,,,,384,18475
2832,,,,,98,305
161,,,,,21400,45242
58,,,,,16673,29270
1577,,,,,2518,24309
360,,,,,2162,410
30,,,,,18486,263
9,,,,,15299,18312
1584,,,,,2813,16491
342,,,,,311,9077
23,,,,,,251
6,,,,,,18312
13535,,,,,,16491
3794,,,,,,9077
222,,,,,,251
72,,,,,,49801
3013,,,,,,23395
758,,,,,,22021
82,,,,,,404
23,,,,,,22572
2698,,,,,,11692
576,,,,,,6666
44,,,,,,21066
11,,,,,,18729
11269,,,,,,6813
1855,,,,,,209
162,,,,,,89
48,,,,,,21185
14704,,,,,,18194
3399,,,,,,11618
250,,,,,,353
64,,,,,,25410
1985,,,,,,17020
441,,,,,,4903
18,,,,,,21738
6,,,,,,16728
20221,,,,,,3374
5323,,,,,,83959
481,,,,,,53239
128,,,,,,30767
9239,,,,,,71233
1795,,,,,,39675
196,,,,,,37369
46,,,,,,1003
7022,,,,,,43252
1889,,,,,,27211
168,,,,,,22075
39,,,,,,1855
12892,,,,,,64900
4920,,,,,,31726
364,,,,,,20677
105,,,,,,96819
7442,,,,,,36783
2121,,,,,,30078
241,,,,,,65529
74,,,,,,29506
4801,,,,,,20218
900,,,,,,23201
93,,,,,,17443
19,,,,,,15901
14715,,,,,,306
3577,,,,,,23593
317,,,,,,17233
87,,,,,,13762
869,,,,,,17274
205,,,,,,11794
19,,,,,,2311
2,,,,,,43739
7343,,,,,,5058
1181,,,,,,3012
122,,,,,,54745
31,,,,,,13382
107296,,,,,,1036
23380,,,,,,45353
1611,,,,,,16462
1104,,,,,,1760
3779,,,,,,39310
1668,,,,,,32152
209,,,,,,2291
2513,,,,,,42278
2078,,,,,,12833
203,,,,,,29457
1619,,,,,,16119
1365,,,,,,5578
133,,,,,,22876
3032,,,,,,6179
928,,,,,,5630
139,,,,,,5289
4303,,,,,,18668
2498,,,,,,3775
275,,,,,,19627
748,,,,,,5164
91,,,,,,2768
18,,,,,,14131
22221,,,,,,10092
15922,,,,,,5673
1689,,,,,,2021
1816,,,,,,6644
1048,,,,,,6544
108,,,,,,5360
3971,,,,,,746
1619,,,,,,16479
279,,,,,,5177
768,,,,,,5057
217,,,,,,19223
24,,,,,,10397
3524,,,,,,1221
1124,,,,,,16474
178,,,,,,2566
2747,,,,,,15824
1881,,,,,,1162
245,,,,,,20080
1288,,,,,,16383
218,,,,,,20080
49,,,,,,16383
4737,,,,,,9159
1567,,,,,,7819
195,,,,,,5224
37213,,,,,,335
20387,,,,,,7411
2225,,,,,,7175
36788,,,,,,2289
31368,,,,,,741
2800,,,,,,427
751,,,,,,30120
48,,,,,,18576
14,,,,,,3663
3730,,,,,,587
1709,,,,,,31287
245,,,,,,23527
409,,,,,,11128
80,,,,,,21733
14,,,,,,6047
1348,,,,,,16078
659,,,,,,11092
87,,,,,,1626
3642,,,,,,16522
3146,,,,,,4120
393,,,,,,1357
5097,,,,,,15456
2791,,,,,,7951
281,,,,,,43455
1017,,,,,,21287
281,,,,,,5650
48,,,,,,22150
8913,,,,,,10405
6885,,,,,,1361
791,,,,,,39549
21022,,,,,,33390
19969,,,,,,5209
1448,,,,,,0
788,,,,,,0
268,,,,,,0
27,,,,,,14897
8279,,,,,,4899
3001,,,,,,11361
424,,,,,,5684
921,,,,,,1163
165,,,,,,16323
31,,,,,,14356
3992,,,,,,9421
1877,,,,,,4726
219,,,,,,282
823,,,,,,24318
256,,,,,,16144
33,,,,,,5320
1715,,,,,,3225
706,,,,,,660
131,,,,,,279
43426,,,,,,25148
25448,,,,,,20566
2706,,,,,,8323
2318,,,,,,24943
450,,,,,,24710
102,,,,,,5728
5798,,,,,,2008
5364,,,,,,445
418,,,,,,393
299,,,,,,27022
44,,,,,,19980
7,,,,,,18594
1908,,,,,,3977
412,,,,,,731
53,,,,,,31359
1981,,,,,,7576
912,,,,,,4592
104,,,,,,456
943,,,,,,137
162,,,,,,16234
24,,,,,,16110
2212,,,,,,8511
849,,,,,,394
126,,,,,,29066
544,,,,,,14656
160,,,,,,6719
26,,,,,,289
18557,,,,,,22620
8883,,,,,,10396
1063,,,,,,9144
4506,,,,,,783
1017,,,,,,335
231,,,,,,231
1961,,,,,,13004
1859,,,,,,9967
187,,,,,,4013
2363,,,,,,3931
1236,,,,,,153
148,,,,,,10570
5346,,,,,,8052
1870,,,,,,7835
370,,,,,,2152
1300,,,,,,546
634,,,,,,143
82,,,,,,14459
11495,,,,,,9768
6490,,,,,,4834
788,,,,,,22606
4292,,,,,,11514
1263,,,,,,4254
171,,,,,,2657
1801,,,,,,1267
553,,,,,,23155
94,,,,,,15099
2497,,,,,,9598
1053,,,,,,7020
135,,,,,,10027
1546,,,,,,8919
468,,,,,,8625
101,,,,,,992
358,,,,,,86
89,,,,,,19623
13,,,,,,14211
2899,,,,,,1640
1182,,,,,,1512
167,,,,,,124
767,,,,,,11303
251,,,,,,9709
42,,,,,,4460
465,,,,,,3707
105,,,,,,155
15,,,,,,22969
48586,,,,,,10351
31152,,,,,,9185
4051,,,,,,826
3093,,,,,,659
757,,,,,,541
36,,,,,,12152
0,,,,,,7331
2181,,,,,,7218
662,,,,,,176
61,,,,,,160
0,,,,,,16673
3133,,,,,,5642
813,,,,,,5054
63,,,,,,2342
0,,,,,,962
552,,,,,,246
224,,,,,,16842
12,,,,,,12512
0,,,,,,27116
3796,,,,,,22740
1372,,,,,,28702
46,,,,,,7892
0,,,,,,1848
1808,,,,,,467
622,,,,,,19865
30,,,,,,16065
2,,,,,,11263
6426,,,,,,1776
2329,,,,,,1067
117,,,,,,651
8,,,,,,23855
3137,,,,,,14755
1185,,,,,,9398
53,,,,,,1681
0,,,,,,341
1065,,,,,,
440,,,,,,
18,,,,,,
4,,,,,,
1432,,,,,,
558,,,,,,
25,,,,,,
0,,,,,,
1451,,,,,,
529,,,,,,
39,,,,,,
0,,,,,,
276,,,,,,
162,,,,,,
7,,,,,,
0,,,,,,
1232,,,,,,
896,,,,,,
14,,,,,,
0,,,,,,
400,,,,,,
128,,,,,,
8,,,,,,
0,,,,,,
164,,,,,,
76,,,,,,
4,,,,,,
0,,,,,,
3657,,,,,,
2122,,,,,,
64,,,,,,
0,,,,,,
172,,,,,,
129,,,,,,
4,,,,,,
0,,,,,,
640,,,,,,
271,,,,,,
13,,,,,,
0,,,,,,
732,,,,,,
333,,,,,,
15,,,,,,
0,,,,,,
26,,,,,,
17,,,,,,
0,,,,,,
0,,,,,,
424,,,,,,
328,,,,,,
33,,,,,,
0,,,,,,
1073,,,,,,
595,,,,,,
15,,,,,,
0,,,,,,
2739,,,,,,
855,,,,,,
15,,,,,,
2,,,,,,
1858,,,,,,
567,,,,,,
36,,,,,,
5,,,,,,
584,,,,,,
526,,,,,,
12,,,,,,
0,,,,,,
1094,,,,,,
644,,,,,,
24,,,,,,
0,,,,,,
1387,,,,,,
493,,,,,,
10,,,,,,
0,,,,,,
2539,,,,,,
724,,,,,,
29,,,,,,
0,,,,,,
3218,,,,,,
1466,,,,,,
45,,,,,,
0,,,,,,
649,,,,,,
501,,,,,,
28,,,,,,
0,,,,,,
1282,,,,,,
1052,,,,,,
31,,,,,,
0,,,,,,
588,,,,,,
492,,,,,,
9,,,,,,
0,,,,,,
834,,,,,,
442,,,,,,
28,,,,,,
0,,,,,,
337,,,,,,
160,,,,,,
8,,,,,,
0,,,,,,
433,,,,,,
315,,,,,,
8,,,,,,
0,,,,,,
1099,,,,,,
713,,,,,,
38,,,,,,
0,,,,,,
1902,,,,,,
1055,,,,,,
56,,,,,,
0,,,,,,
6497,,,,,,
5966,,,,,,
245,,,,,,
13,,,,,,
683,,,,,,
540,,,,,,
26,,,,,,
0,,,,,,
284,,,,,,
196,,,,,,
8,,,,,,
0,,,,,,
223,,,,,,
208,,,,,,
6,,,,,,
0,,,,,,
485,,,,,,
198,,,,,,
17,,,,,,
0,,,,,,
2579,,,,,,
930,,,,,,
68,,,,,,
0,,,,,,
71,,,,,,
63,,,,,,
2,,,,,,
0,,,,,,
554,,,,,,
353,,,,,,
12,,,,,,
0,,,,,,
248,,,,,,
139,,,,,,
10,,,,,,
0,,,,,,
340,,,,,,
207,,,,,,
5,,,,,,
0,,,,,,
2404,,,,,,
1295,,,,,,
45,,,,,,
0,,,,,,
754,,,,,,
319,,,,,,
24,,,,,,
0,,,,,,
1282,,,,,,
998,,,,,,
42,,,,,,
0,,,,,,
630,,,,,,
467,,,,,,
14,,,,,,
0,,,,,,
1222,,,,,,
692,,,,,,
51,,,,,,
0,,,,,,
2547,,,,,,
1381,,,,,,
97,,,,,,
0,,,,,,
371,,,,,,
159,,,,,,
4,,,,,,
0,,,,,,
132,,,,,,
39,,,,,,
9,,,,,,
0,,,,,,
808,,,,,,
239,,,,,,
9,,,,,,
0,,,,,,
287,,,,,,
70,,,,,,
7,,,,,,
0,,,,,,
371,,,,,,
138,,,,,,
10,,,,,,
0,,,,,,
4,,,,,,
1,,,,,,
0,,,,,,
0,,,,,,
128,,,,,,
53,,,,,,
3,,,,,,
0,,,,,,
190,,,,,,
29,,,,,,
3,,,,,,
0,,,,,,
1066,,,,,,
566,,,,,,
29,,,,,,
1,,,,,,
489,,,,,,
162,,,,,,
6,,,,,,
0,,,,,,
1189,,,,,,
490,,,,,,
35,,,,,,
5,,,,,,
578,,,,,,
204,,,,,,
10,,,,,,
0,,,,,,
22,,,,,,
0,,,,,,
0,,,,,,
0,,,,,,
795,,,,,,
237,,,,,,
11,,,,,,
0,,,,,,
474,,,,,,
66,,,,,,
1,,,,,,
0,,,,,,
143,,,,,,
128,,,,,,
1,,,,,,
0,,,,,,
160,,,,,,
85,,,,,,
3,,,,,,
0,,,,,,
227,,,,,,
61,,,,,,
4,,,,,,
0,,,,,,
326,,,,,,
65,,,,,,
2,,,,,,
0,,,,,,
199,,,,,,
90,,,,,,
7,,,,,,
0,,,,,,
15,,,,,,
3,,,,,,
2,,,,,,
0,,,,,,
888,,,,,,
400,,,,,,
14,,,,,,
0,,,,,,
775,,,,,,
267,,,,,,
26,,,,,,
0,,,,,,
792,,,,,,
382,,,,,,
19,,,,,,
0,,,,,,
431,,,,,,
171,,,,,,
11,,,,,,
0,,,,,,
179,,,,,,
46,,,,,,
8,,,,,,
0,,,,,,
910,,,,,,
694,,,,,,
35,,,,,,
0,,,,,,
607,,,,,,
231,,,,,,
9,,,,,,
1,,,,,,
1317,,,,,,
495,,,,,,
28,,,,,,
6,,,,,,
1358,,,,,,
713,,,,,,
36,,,,,,
0,,,,,,
1291,,,,,,
741,,,,,,
24,,,,,,
0,,,,,,
153,,,,,,
71,,,,,,
5,,,,,,
0,,,,,,
127,,,,,,
98,,,,,,
8,,,,,,
0,,,,,,
43,,,,,,
32,,,,,,
1,,,,,,
0,,,,,,
1513,,,,,,
1184,,,,,,
40,,,,,,
0,,,,,,
418,,,,,,
379,,,,,,
9,,,,,,
0,,,,,,
544,,,,,,
213,,,,,,
21,,,,,,
0,,,,,,
277,,,,,,
90,,,,,,
8,,,,,,
0,,,,,,
5020,,,,,,
1742,,,,,,
76,,,,,,
0,,,,,,
1516,,,,,,
560,,,,,,
34,,,,,,
0,,,,,,
390,,,,,,
122,,,,,,
4,,,,,,
1,,,,,,
843,,,,,,
618,,,,,,
14,,,,,,
0,,,,,,
178,,,,,,
79,,,,,,
2,,,,,,
0,,,,,,
4335,,,,,,
3394,,,,,,
108,,,,,,
0,,,,,,
630,,,,,,
265,,,,,,
12,,,,,,
0,,,,,,
553,,,,,,
223,,,,,,
12,,,,,,
2,,,,,,
2130,,,,,,
925,,,,,,
43,,,,,,
0,,,,,,
252,,,,,,
118,,,,,,
9,,,,,,
0,,,,,,
869,,,,,,
397,,,,,,
7,,,,,,
0,,,,,,
378,,,,,,
148,,,,,,
9,,,,,,
0,,,,,,
127,,,,,,
57,,,,,,
7,,,,,,
0,,,,,,
415,,,,,,
399,,,,,,
9,,,,,,
0,,,,,,
282,,,,,,
151,,,,,,
6,,,,,,
0,,,,,,
1690,,,,,,
1530,,,,,,
94,,,,,,
0,,,,,,
644,,,,,,
281,,,,,,
18,,,,,,
0,,,,,,
247,,,,,,
231,,,,,,
4,,,,,,
0,,,,,,
1087,,,,,,
573,,,,,,
29,,,,,,
0,,,,,,
339,,,,,,
123,,,,,,
14,,,,,,
0,,,,,,
222,,,,,,
142,,,,,,
4,,,,,,
0,,,,,,
444,,,,,,
155,,,,,,
14,,,,,,
5,,,,,,
568,,,,,,
263,,,,,,
21,,,,,,
0,,,,,,
4960,,,,,,
2913,,,,,,
105,,,,,,
0,,,,,,
1006,,,,,,
535,,,,,,
24,,,,,,
2,,,,,,
10493,,,,,,
4077,,,,,,
98,,,,,,
0,,,,,,
521,,,,,,
279,,,,,,
21,,,,,,
1,,,,,,
2445,,,,,,
1101,,,,,,
50,,,,,,
0,,,,,,
836,,,,,,
292,,,,,,
16,,,,,,
0,,,,,,
706,,,,,,
400,,,,,,
23,,,,,,
0,,,,,,
7284,,,,,,
2714,,,,,,
123,,,,,,
0,,,,,,
636,,,,,,
357,,,,,,
8,,,,,,
0,,,,,,
721,,,,,,
305,,,,,,
25,,,,,,
0,,,,,,
658,,,,,,
605,,,,,,
13,,,,,,
0,,,,,,
2214,,,,,,
955,,,,,,
61,,,,,,
0,,,,,,
3582,,,,,,
2005,,,,,,
56,,,,,,
0,,,,,,
10546,,,,,,
3726,,,,,,
175,,,,,,
7,,,,,,
4064,,,,,,
1210,,,,,,
72,,,,,,
0,,,,,,
742,,,,,,
370,,,,,,
21,,,,,,
0,,,,,,
32454,,,,,,
16609,,,,,,
1040,,,,,,
0,,,,,,
672,,,,,,
253,,,,,,
23,,,,,,
1,,,,,,
11474,,,,,,
4835,,,,,,
263,,,,,,
0,,,,,,
6121,,,,,,
2609,,,,,,
149,,,,,,
0,,,,,,
1062,,,,,,
673,,,,,,
21,,,,,,
0,,,,,,
26741,,,,,,
17056,,,,,,
735,,,,,,
0,,,,,,
2737,,,,,,
1102,,,,,,
44,,,,,,
4,,,,,,
2479,,,,,,
586,,,,,,
50,,,,,,
0,,,,,,
6609,,,,,,
2020,,,,,,
124,,,,,,
0,,,,,,
2355,,,,,,
1906,,,,,,
55,,,,,,
0,,,,,,
161,,,,,,
107,,,,,,
4,,,,,,
0,,,,,,
574,,,,,,
360,,,,,,
12,,,,,,
0,,,,,,
4174,,,,,,
1248,,,,,,
72,,,,,,
2,,,,,,
1528,,,,,,
881,,,,,,
37,,,,,,
0,,,,,,
100,,,,,,
23,,,,,,
4,,,,,,
0,,,,,,
1674,,,,,,
556,,,,,,
40,,,,,,
0,,,,,,
945,,,,,,
623,,,,,,
14,,,,,,
5,,,,,,
1427,,,,,,
557,,,,,,
39,,,,,,
0,,,,,,
3436,,,,,,
2031,,,,,,
39,,,,,,
0,,,,,,
674,,,,,,
363,,,,,,
21,,,,,,
3,,,,,,
993,,,,,,
707,,,,,,
27,,,,,,
0,,,,,,
1249,,,,,,
451,,,,,,
23,,,,,,
3,,,,,,
12245,,,,,,
10972,,,,,,
297,,,,,,
7,,,,,,
525,,,,,,
182,,,,,,
17,,,,,,
0,,,,,,
1449,,,,,,
547,,,,,,
20,,,,,,
0,,,,,,
2228,,,,,,
636,,,,,,
43,,,,,,
0,,,,,,
2923,,,,,,
1104,,,,,,
52,,,,,,
10,,,,,,
1596,,,,,,
1002,,,,,,
61,,,,,,
0,,,,,,
486,,,,,,
133,,,,,,
13,,,,,,
1,,,,,,
6282,,,,,,
2159,,,,,,
86,,,,,,
0,,,,,,
2094,,,,,,
2026,,,,,,
38,,,,,,
0,,,,,,
2763,,,,,,
890,,,,,,
61,,,,,,
6,,,,,,
1087,,,,,,
543,,,,,,
17,,,,,,
0,,,,,,
1710,,,,,,
1390,,,,,,
22,,,,,,
1,,,,,,
1912,,,,,,
666,,,,,,
50,,,,,,
0,,,,,,
2948,,,,,,
1302,,,,,,
52,,,,,,
0,,,,,,
1588,,,,,,
455,,,,,,
36,,,,,,
0,,,,,,
656,,,,,,
249,,,,,,
14,,,,,,
0,,,,,,
815,,,,,,
520,,,,,,
16,,,,,,
0,,,,,,
1144,,,,,,
760,,,,,,
27,,,,,,
0,,,,,,
861,,,,,,
357,,,,,,
10,,,,,,
0,,,,,,
556,,,,,,
391,,,,,,
10,,,,,,
0,,,,,,
3749,,,,,,
1283,,,,,,
45,,,,,,
0,,,,,,
3058,,,,,,
778,,,,,,
47,,,,,,
0,,,,,,
1945,,,,,,
893,,,,,,
32,,,,,,
0,,,,,,
2143,,,,,,
568,,,,,,
48,,,,,,
5,,,,,,
2562,,,,,,
820,,,,,,
43,,,,,,
0,,,,,,
2106,,,,,,
621,,,,,,
56,,,,,,
0,,,,,,
2338,,,,,,
808,,,,,,
47,,,,,,
1,,,,,,
12519,,,,,,
4967,,,,,,
235,,,,,,
0,,,,,,
1194,,,,,,
449,,,,,,
19,,,,,,
0,,,,,,
3106,,,,,,
1146,,,,,,
54,,,,,,
0,,,,,,
5443,,,,,,
4660,,,,,,
109,,,,,,
3,,,,,,
2154,,,,,,
635,,,,,,
37,,,,,,
0,,,,,,
1855,,,,,,
1009,,,,,,
18,,,,,,
0,,,,,,
4361,,,,,,
1403,,,,,,
55,,,,,,
10,,,,,,
7674,,,,,,
3598,,,,,,
140,,,,,,
0,,,,,,
1206,,,,,,
469,,,,,,
15,,,,,,
0,,,,,,
1001,,,,,,
520,,,,,,
20,,,,,,
0,,,,,,
2966,,,,,,
1054,,,,,,
40,,,,,,
4,,,,,,
11303,,,,,,
4302,,,,,,
152,,,,,,
0,,,,,,
508,,,,,,
402,,,,,,
7,,,,,,
1,,,,,,
825,,,,,,
414,,,,,,
13,,,,,,
0,,,,,,
426,,,,,,
204,,,,,,
5,,,,,,
0,,,,,,
3150,,,,,,
2644,,,,,,
108,,,,,,
0,,,,,,
2123,,,,,,
789,,,,,,
52,,,,,,
0,,,,,,
2250,,,,,,
1158,,,,,,
31,,,,,,
1,,,,,,
1967,,,,,,
807,,,,,,
46,,,,,,
9,,,,,,
2381,,,,,,
1056,,,,,,
52,,,,,,
0,,,,,,
3162,,,,,,
1296,,,,,,
75,,,,,,
4,,,,,,
7350,,,,,,
6861,,,,,,
178,,,,,,
0,,,,,,
4494,,,,,,
1328,,,,,,
83,,,,,,
0,,,,,,
2638,,,,,,
1757,,,,,,
28,,,,,,
4,,,,,,
13202,,,,,,
4289,,,,,,
162,,,,,,
0,,,,,,
2919,,,,,,
967,,,,,,
67,,,,,,
0,,,,,,
3665,,,,,,
1144,,,,,,
77,,,,,,
0,,,,,,
420,,,,,,
215,,,,,,
9,,,,,,
0,,,,,,
3377,,,,,,
2026,,,,,,
34,,,,,,
0,,,,,,
7241,,,,,,
2403,,,,,,
98,,,,,,
0,,,,,,
3964,,,,,,
1901,,,,,,
67,,,,,,
0,,,,,,
10214,,,,,,
8411,,,,,,
324,,,,,,
43,,,,,,
4332,,,,,,
3020,,,,,,
143,,,,,,
0,,,,,,
2541,,,,,,
789,,,,,,
69,,,,,,
9,,,,,,
1579,,,,,,
1325,,,,,,
18,,,,,,
0,,,,,,
697,,,,,,
557,,,,,,
32,,,,,,
2,,,,,,
815,,,,,,
210,,,,,,
7,,,,,,
0,,,,,,
1904,,,,,,
552,,,,,,
55,,,,,,
0,,,,,,
1411,,,,,,
392,,,,,,
28,,,,,,
2,,,,,,
11705,,,,,,
4682,,,,,,
307,,,,,,
17,,,,,,
1086,,,,,,
607,,,,,,
24,,,,,,
0,,,,,,
3708,,,,,,
2222,,,,,,
92,,,,,,
0,,,,,,
1898,,,,,,
811,,,,,,
39,,,,,,
2,,,,,,
325,,,,,,
229,,,,,,
8,,,,,,
0,,,,,,
1692,,,,,,
712,,,,,,
52,,,,,,
0,,,,,,
3829,,,,,,
1793,,,,,,
122,,,,,,
0,,,,,,
660,,,,,,
468,,,,,,
13,,,,,,
0,,,,,,
400,,,,,,
96,,,,,,
8,,,,,,
0,,,,,,
349,,,,,,
118,,,,,,
9,,,,,,
0,,,,,,
1210,,,,,,
1158,,,,,,
25,,,,,,
0,,,,,,
263,,,,,,
139,,,,,,
6,,,,,,
0,,,,,,
552,,,,,,
145,,,,,,
11,,,,,,
0,,,,,,
2332,,,,,,
716,,,,,,
48,,,,,,
0,,,,,,
823,,,,,,
817,,,,,,
14,,,,,,
0,,,,,,
569,,,,,,
298,,,,,,
13,,,,,,
0,,,,,,
1617,,,,,,
764,,,,,,
31,,,,,,
0,,,,,,
674,,,,,,
189,,,,,,
14,,,,,,
0,,,,,,
577,,,,,,
207,,,,,,
12,,,,,,
0,,,,,,
42918,,,,,,
41979,,,,,,
756,,,,,,
282,,,,,,
14980,,,,,,
4980,,,,,,
152,,,,,,
75,,,,,,
4085,,,,,,
1929,,,,,,
47,,,,,,
23,,,,,,
6116,,,,,,
4977,,,,,,
75,,,,,,
38,,,,,,
10622,,,,,,
4967,,,,,,
128,,,,,,
60,,,,,,
6894,,,,,,
2407,,,,,,
90,,,,,,
26,,,,,,
15710,,,,,,
10291,,,,,,
152,,,,,,
79,,,,,,
6080,,,,,,
3654,,,,,,
41,,,,,,
13,,,,,,
9096,,,,,,
7784,,,,,,
105,,,,,,
48,,,,,,
51703,,,,,,
36818,,,,,,
850,,,,,,
410,,,,,,
99395,,,,,,
58153,,,,,,
2272,,,,,,
622,,,,,,
28898,,,,,,
15028,,,,,,
364,,,,,,
169,,,,,,
59682,,,,,,
54665,,,,,,
1484,,,,,,
506,,,,,,
30234,,,,,,
11926,,,,,,
368,,,,,,
145,,,,,,
4200,,,,,,
1600,,,,,,
87,,,,,,
26,,,,,,
28689,,,,,,
13293,,,,,,
388,,,,,,
154,,,,,,
6634,,,,,,
5285,,,,,,
69,,,,,,
32,,,,,,
53802,,,,,,
28267,,,,,,
828,,,,,,
351,,,,,,
28128,,,,,,
19937,,,,,,
364,,,,,,
115,,,,,,
12349,,,,,,
3772,,,,,,
171,,,,,,
59,,,,,,
4308,,,,,,
3399,,,,,,
43,,,,,,
15,,,,,,
4994,,,,,,
1761,,,,,,
69,,,,,,
34,,,,,,
32031,,,,,,
18549,,,,,,
399,,,,,,
145,,,,,,
15713,,,,,,
10309,,,,,,
139,,,,,,
84,,,,,,
29614,,,,,,
22436,,,,,,
584,,,,,,
222,,,,,,
88278,,,,,,
55197,,,,,,
2168,,,,,,
850,,,,,,
11293,,,,,,
4382,,,,,,
255,,,,,,
95,,,,,,
13151,,,,,,
10485,,,,,,
290,,,,,,
94,,,,,,
60771,,,,,,
26598,,,,,,
796,,,,,,
265,,,,,,
17104,,,,,,
7904,,,,,,
200,,,,,,
70,,,,,,
13295,,,,,,
9164,,,,,,
119,,,,,,
62,,,,,,
147110,,,,,,
29989,,,,,,
1955,,,,,,
541,,,,,,
16786,,,,,,
8487,,,,,,
108,,,,,,
68,,,,,,
118663,,,,,,
78475,,,,,,
2345,,,,,,
841,,,,,,
19400,,,,,,
17427,,,,,,
385,,,,,,
133,,,,,,
69158,,,,,,
44074,,,,,,
1213,,,,,,
474,,,,,,
3163,,,,,,
2679,,,,,,
52,,,,,,
39,,,,,,
3489,,,,,,
1104,,,,,,
36,,,,,,
15,,,,,,
15756,,,,,,
15411,,,,,,
281,,,,,,
100,,,,,,
4678,,,,,,
3991,,,,,,
44,,,,,,
22,,,,,,
180160,,,,,,
97973,,,,,,
3305,,,,,,
1154,,,,,,
16098,,,,,,
9403,,,,,,
132,,,,,,
65,,,,,,
33049,,,,,,
23987,,,,,,
771,,,,,,
275,,,,,,
21185,,,,,,
14779,,,,,,
374,,,,,,
121,,,,,,
38028,,,,,,
29144,,,,,,
758,,,,,,
260,,,,,,
7212,,,,,,
3282,,,,,,
49,,,,,,
25,,,,,,
12597,,,,,,
8475,,,,,,
344,,,,,,
112,,,,,,
1351,,,,,,
1111,,,,,,
15,,,,,,
6,,,,,,
63962,,,,,,
36375,,,,,,
1227,,,,,,
433,,,,,,
10519,,,,,,
10406,,,,,,
320,,,,,,
101,,,,,,
64310,,,,,,
45165,,,,,,
1137,,,,,,
462,,,,,,
3128,,,,,,
2333,,,,,,
35,,,,,,
16,,,,,,
14937,,,,,,
13522,,,,,,
285,,,,,,
117,,,,,,
14208,,,,,,
13906,,,,,,
176,,,,,,
58,,,,,,
34711,,,,,,
14730,,,,,,
449,,,,,,
218,,,,,,
15761,,,,,,
6851,,,,,,
203,,,,,,
85,,,,,,
13333,,,,,,
7062,,,,,,
200,,,,,,
89,,,,,,
7352,,,,,,
5489,,,,,,
154,,,,,,
56,,,,,,
6277,,,,,,
6154,,,,,,
52,,,,,,
30,,,,,,
382726,,,,,,
171123,,,,,,
8145,,,,,,
2439,,,,,,
6827,,,,,,
2090,,,,,,
59,,,,,,
25,,,,,,
7622,,,,,,
5069,,,,,,
96,,,,,,
39,,,,,,
34311,,,,,,
22974,,,,,,
610,,,,,,
232,,,,,,
27692,,,,,,
24062,,,,,,
306,,,,,,
134,,,,,,
69554,,,,,,
59305,,,,,,
1845,,,,,,
572,,,,,,
6313,,,,,,
3689,,,,,,
52,,,,,,
30,,,,,,
43838,,,,,,
25653,,,,,,
1454,,,,,,
533,,,,,,
65042,,,,,,
18810,,,,,,
787,,,,,,
176,,,,,,
4672,,,,,,
2881,,,,,,
48,,,,,,
25,,,,,,
10061,,,,,,
9449,,,,,,
207,,,,,,
94,,,,,,
20854,,,,,,
12599,,,,,,
398,,,,,,
154,,,,,,
4756,,,,,,
2637,,,,,,
58,,,,,,
20,,,,,,
12296,,,,,,
9301,,,,,,
142,,,,,,
70,,,,,,
48995,,,,,,
37210,,,,,,
898,,,,,,
285,,,,,,
7280,,,,,,
4863,,,,,,
114,,,,,,
42,,,,,,
53176,,,,,,
18929,,,,,,
555,,,,,,
253,,,,,,
10740,,,,,,
9622,,,,,,
183,,,,,,
86,,,,,,
23888,,,,,,
22281,,,,,,
280,,,,,,
141,,,,,,
28891,,,,,,
18197,,,,,,
415,,,,,,
149,,,,,,
46676,,,,,,
25473,,,,,,
750,,,,,,
320,,,,,,
23437,,,,,,
10469,,,,,,
249,,,,,,
121,,,,,,
16404,,,,,,
11890,,,,,,
174,,,,,,
70,,,,,,
7671,,,,,,
6821,,,,,,
94,,,,,,
61,,,,,,
24022,,,,,,
9413,,,,,,
264,,,,,,
117,,,,,,
18849,,,,,,
6567,,,,,,
200,,,,,,
65,,,,,,
25366,,,,,,
10872,,,,,,
265,,,,,,
96,,,,,,
3847,,,,,,
3043,,,,,,
107,,,,,,
32,,,,,,
10800,,,,,,
9226,,,,,,
230,,,,,,
69,,,,,,
975,,,,,,
811,,,,,,
9,,,,,,
7,,,,,,
77305,,,,,,
51306,,,,,,
1371,,,,,,
489,,,,,,
13160,,,,,,
7608,,,,,,
130,,,,,,
52,,,,,,
410386,,,,,,
209183,,,,,,
7928,,,,,,
2176,,,,,,
6716,,,,,,
3497,,,,,,
61,,,,,,
21,,,,,,
3531,,,,,,
2623,,,,,,
24,,,,,,
13,,,,,,
17642,,,,,,
13790,,,,,,
482,,,,,,
126,,,,,,
29056,,,,,,
25589,,,,,,
447,,,,,,
224,,,,,,
25469,,,,,,
9537,,,,,,
250,,,,,,
94,,,,,,
22014,,,,,,
18305,,,,,,
262,,,,,,
104,,,,,,
14910,,,,,,
4777,,,,,,
159,,,,,,
54,,,,,,
7105,,,,,,
4147,,,,,,
83,,,,,,
39,,,,,,
1000,,,,,,
163,,,,,,
40,,,,,,
3775,,,,,,
1366,,,,,,
173,,,,,,
1098,,,,,,
708,,,,,,
61,,,,,,
442,,,,,,
57,,,,,,
28,,,,,,
2653,,,,,,
588,,,,,,
93,,,,,,
1254,,,,,,
171,,,,,,
53,,,,,,
860,,,,,,
129,,,,,,
43,,,,,,
31067,,,,,,
12064,,,,,,
2385,,,,,,
50649,,,,,,
31055,,,,,,
2737,,,,,,
1551,,,,,,
343,,,,,,
55,,,,,,
1791,,,,,,
479,,,,,,
72,,,,,,
918,,,,,,
200,,,,,,
40,,,,,,
1711,,,,,,
280,,,,,,
99,,,,,,
847,,,,,,
307,,,,,,
37,,,,,,
1375,,,,,,
225,,,,,,
98,,,,,,
1317,,,,,,
290,,,,,,
58,,,,,,
792,,,,,,
105,,,,,,
46,,,,,,
19150,,,,,,
10006,,,,,,
955,,,,,,
964,,,,,,
171,,,,,,
71,,,,,,
924,,,,,,
247,,,,,,
33,,,,,,
923,,,,,,
153,,,,,,
65,,,,,,
928,,,,,,
215,,,,,,
75,,,,,,
1666,,,,,,
391,,,,,,
69,,,,,,
739,,,,,,
109,,,,,,
54,,,,,,
2211,,,,,,
447,,,,,,
136,,,,,,
1109,,,,,,
201,,,,,,
64,,,,,,
4305,,,,,,
659,,,,,,
192,,,,,,
3466,,,,,,
1094,,,,,,
305,,,,,,
3352,,,,,,
591,,,,,,
175,,,,,,
10254,,,,,,
3341,,,,,,
865,,,,,,
2691,,,,,,
1072,,,,,,
170,,,,,,
1192,,,,,,
504,,,,,,
40,,,,,,
741,,,,,,
123,,,,,,
44,,,,,,
2451,,,,,,
625,,,,,,
91,,,,,,
1522,,,,,,
373,,,,,,
61,,,,,,
3761,,,,,,
1239,,,,,,
181,,,,,,
1603,,,,,,
693,,,,,,
97,,,,,,
1064,,,,,,
168,,,,,,
43,,,,,,
5458,,,,,,
1963,,,,,,
236,,,,,,
2151,,,,,,
1496,,,,,,
80,,,,,,
1414,,,,,,
571,,,,,,
53,,,,,,
516,,,,,,
101,,,,,,
43,,,,,,
667,,,,,,
340,,,,,,
77,,,,,,
329,,,,,,
40,,,,,,
16,,,,,,
10499,,,,,,
1977,,,,,,
754,,,,,,
714,,,,,,
333,,,,,,
24,,,,,,
7071,,,,,,
1992,,,,,,
395,,,,,,
861,,,,,,
234,,,,,,
30,,,,,,
2755,,,,,,
1201,,,,,,
96,,,,,,
3461,,,,,,
975,,,,,,
120,,,,,,
20295,,,,,,
5587,,,,,,
1262,,,,,,
1606,,,,,,
356,,,,,,
98,,,,,,
10548,,,,,,
1689,,,,,,
665,,,,,,
2468,,,,,,
291,,,,,,
102,,,,,,
55,,,,,,
48,,,,,,
20642,,,,,,
3507,,,,,,
1038,,,,,,
809,,,,,,
553,,,,,,
39952,,,,,,
12943,,,,,,
1948,,,,,,
882,,,,,,
835,,,,,,
6506,,,,,,
2091,,,,,,
271,,,,,,
155,,,,,,
0,,,,,,
469,,,,,,
91,,,,,,
15,,,,,,
10,,,,,,
6,,,,,,
115501,,,,,,
41101,,,,,,
6018,,,,,,
4374,,,,,,
1359,,,,,,
6096,,,,,,
893,,,,,,
739,,,,,,
308,,,,,,
210,,,,,,
3918,,,,,,
489,,,,,,
131,,,,,,
105,,,,,,
88,,,,,,
2123,,,,,,
428,,,,,,
73,,,,,,
21,,,,,,
2499,,,,,,
2303,,,,,,
158,,,,,,
56,,,,,,
36,,,,,,
17650,,,,,,
3854,,,,,,
1425,,,,,,
644,,,,,,
543,,,,,,
4606,,,,,,
470,,,,,,
230,,,,,,
219,,,,,,
211,,,,,,
2802,,,,,,
918,,,,,,
140,,,,,,
89,,,,,,
71,,,,,,
4528,,,,,,
594,,,,,,
519,,,,,,
183,,,,,,
168,,,,,,
5190,,,,,,
770,,,,,,
229,,,,,,
122,,,,,,
89,,,,,,
672,,,,,,
65,,,,,,
36,,,,,,
30,,,,,,
27,,,,,,
1081,,,,,,
158,,,,,,
51,,,,,,
28,,,,,,
16,,,,,,
266177,,,,,,
238249,,,,,,
16001,,,,,,
6137,,,,,,
2402,,,,,,
3477,,,,,,
2642,,,,,,
258,,,,,,
135,,,,,,
68,,,,,,
10326,,,,,,
1012,,,,,,
388,,,,,,
365,,,,,,
363,,,,,,
8364,,,,,,
882,,,,,,
342,,,,,,
288,,,,,,
271,,,,,,
13066,,,,,,
11290,,,,,,
587,,,,,,
205,,,,,,
153,,,,,,
21293,,,,,,
7058,,,,,,
1383,,,,,,
662,,,,,,
253,,,,,,
10290,,,,,,
2190,,,,,,
1482,,,,,,
509,,,,,,
367,,,,,,
208514,,,,,,
52524,,,,,,
10798,,,,,,
5355,,,,,,
4307,,,,,,
11472,,,,,,
4911,,,,,,
509,,,,,,
202,,,,,,
199,,,,,,
61125,,,,,,
16698,,,,,,
4432,,,,,,
3087,,,,,,
2520,,,,,,
1115,,,,,,
321,,,,,,
55,,,,,,
46,,,,,,
44,,,,,,
68804,,,,,,
32976,,,,,,
3927,,,,,,
1900,,,,,,
960,,,,,,
342,,,,,,
211,,,,,,
7,,,,,,
6,,,,,,
4,,,,,,
2,,,,,,
1,,,,,,
1,,,,,,
0,,,,,,
207,,,,,,
60,,,,,,
10,,,,,,
6,,,,,,
4,,,,,,
2,,,,,,
2,,,,,,
1,,,,,,
1,,,,,,
2663,,,,,,
903,,,,,,
19,,,,,,
18,,,,,,
14,,,,,,
9,,,,,,
4,,,,,,
4,,,,,,
1,,,,,,
1066,,,,,,
451,,,,,,
15,,,,,,
9,,,,,,
8,,,,,,
6,,,,,,
5,,,,,,
5,,,,,,
4,,,,,,
241,,,,,,
77,,,,,,
5,,,,,,
3,,,,,,
1,,,,,,
1,,,,,,
0,,,,,,
0,,,,,,
0,,,,,,
99,,,,,,
36,,,,,,
0,,,,,,
0,,,,,,
0,,,,,,
0,,,,,,
0,,,,,,
0,,,,,,
0,,,,,,
402,,,,,,
104,,,,,,
8,,,,,,
7,,,,,,
7,,,,,,
4,,,,,,
4,,,,,,
3,,,,,,
1,,,,,,
39,,,,,,
9,,,,,,
1,,,,,,
1,,,,,,
0,,,,,,
0,,,,,,
0,,,,,,
0,,,,,,
0,,,,,,
573,,,,,,
350,,,,,,
11,,,,,,
4,,,,,,
3,,,,,,
1,,,,,,
1,,,,,,
1,,,,,,
1,,,,,,
752,,,,,,
313,,,,,,
20,,,,,,
13,,,,,,
6,,,,,,
1,,,,,,
1,,,,,,
0,,,,,,
0,,,,,,
769,,,,,,
254,,,,,,
14,,,,,,
10,,,,,,
8,,,,,,
8,,,,,,
7,,,,,,
7,,,,,,
1,,,,,,
330,,,,,,
102,,,,,,
23,,,,,,
5,,,,,,
5,,,,,,
5,,,,,,
3,,,,,,
2,,,,,,
1,,,,,,
865,,,,,,
296,,,,,,
17,,,,,,
15,,,,,,
6,,,,,,
5,,,,,,
5,,,,,,
3,,,,,,
2,,,,,,
451,,,,,,
110,,,,,,
18,,,,,,
12,,,,,,
9,,,,,,
6,,,,,,
6,,,,,,
5,,,,,,
2,,,,,,
1865,,,,,,
422,,,,,,
31,,,,,,
30,,,,,,
20,,,,,,
11,,,,,,
11,,,,,,
10,,,,,,
5,,,,,,
121,,,,,,
12,,,,,,
2,,,,,,
2,,,,,,
0,,,,,,
0,,,,,,
0,,,,,,
0,,,,,,
0,,,,,,
1809,,,,,,
787,,,,,,
51,,,,,,
38,,,,,,
22,,,,,,
8,,,,,,
4,,,,,,
4,,,,,,
1,,,,,,
368,,,,,,
255,,,,,,
11,,,,,,
3,,,,,,
3,,,,,,
2,,,,,,
1,,,,,,
0,,,,,,
0,,,,,,
641,,,,,,
287,,,,,,
12,,,,,,
6,,,,,,
2,,,,,,
2,,,,,,
2,,,,,,
1,,,,,,
1,,,,,,
577,,,,,,
176,,,,,,
9,,,,,,
7,,,,,,
3,,,,,,
2,,,,,,
1,,,,,,
1,,,,,,
0,,,,,,
2545,,,,,,
1625,,,,,,
37,,,,,,
18,,,,,,
12,,,,,,
9,,,,,,
9,,,,,,
9,,,,,,
8,,,,,,
2799,,,,,,
829,,,,,,
45,,,,,,
37,,,,,,
15,,,,,,
14,,,,,,
13,,,,,,
12,,,,,,
8,,,,,,
819,,,,,,
397,,,,,,
7,,,,,,
5,,,,,,
5,,,,,,
3,,,,,,
3,,,,,,
2,,,,,,
2,,,,,,
367,,,,,,
160,,,,,,
8,,,,,,
6,,,,,,
3,,,,,,
2,,,,,,
1,,,,,,
0,,,,,,
0,,,,,,
4877,,,,,,
1010,,,,,,
58,,,,,,
42,,,,,,
35,,,,,,
28,,,,,,
19,,,,,,
13,,,,,,
11,,,,,,
1010,,,,,,
358,,,,,,
8,,,,,,
6,,,,,,
5,,,,,,
4,,,,,,
3,,,,,,
3,,,,,,
3,,,,,,
457,,,,,,
244,,,,,,
17,,,,,,
12,,,,,,
6,,,,,,
5,,,,,,
4,,,,,,
1,,,,,,
1,,,,,,
2724,,,,,,
2264,,,,,,
42,,,,,,
26,,,,,,
17,,,,,,
15,,,,,,
13,,,,,,
8,,,,,,
6,,,,,,
831,,,,,,
338,,,,,,
8,,,,,,
3,,,,,,
3,,,,,,
2,,,,,,
2,,,,,,
1,,,,,,
0,,,,,,
335,,,,,,
41,,,,,,
7,,,,,,
4,,,,,,
2,,,,,,
0,,,,,,
0,,,,,,
0,,,,,,
0,,,,,,
2265,,,,,,
790,,,,,,
35,,,,,,
31,,,,,,
29,,,,,,
12,,,,,,
7,,,,,,
7,,,,,,
6,,,,,,
584,,,,,,
206,,,,,,
17,,,,,,
9,,,,,,
5,,,,,,
4,,,,,,
3,,,,,,
3,,,,,,
3,,,,,,
3997,,,,,,
590,,,,,,
68,,,,,,
30,,,,,,
26,,,,,,
20,,,,,,
13,,,,,,
8,,,,,,
5,,,,,,
83,,,,,,
21,,,,,,
5,,,,,,
2,,,,,,
2,,,,,,
1,,,,,,
1,,,,,,
0,,,,,,
0,,,,,,
259,,,,,,
55,,,,,,
8,,,,,,
5,,,,,,
5,,,,,,
4,,,,,,
3,,,,,,
1,,,,,,
0,,,,,,
891,,,,,,
249,,,,,,
20,,,,,,
14,,,,,,
6,,,,,,
5,,,,,,
5,,,,,,
4,,,,,,
1,,,,,,
581,,,,,,
471,,,,,,
26,,,,,,
13,,,,,,
9,,,,,,
5,,,,,,
5,,,,,,
4,,,,,,
3,,,,,,
901,,,,,,
232,,,,,,
11,,,,,,
8,,,,,,
5,,,,,,
3,,,,,,
2,,,,,,
1,,,,,,
1,,,,,,
1309,,,,,,
379,,,,,,
38,,,,,,
27,,,,,,
19,,,,,,
15,,,,,,
11,,,,,,
4,,,,,,
3,,,,,,
611,,,,,,
118,,,,,,
18,,,,,,
6,,,,,,
5,,,,,,
4,,,,,,
4,,,,,,
1,,,,,,
1,,,,,,
1891,,,,,,
474,,,,,,
22,,,,,,
19,,,,,,
12,,,,,,
11,,,,,,
10,,,,,,
5,,,,,,
4,,,,,,
556,,,,,,
135,,,,,,
6,,,,,,
1,,,,,,
1,,,,,,
1,,,,,,
0,,,,,,
0,,,,,,
0,,,,,,
83,,,,,,
18,,,,,,
4,,,,,,
1,,,,,,
0,,,,,,
0,,,,,,
0,,,,,,
0,,,,,,
0,,,,,,
931,,,,,,
257,,,,,,
23,,,,,,
23,,,,,,
12,,,,,,
11,,,,,,
7,,,,,,
5,,,,,,
1,,,,,,
1307,,,,,,
1143,,,,,,
9,,,,,,
9,,,,,,
8,,,,,,
7,,,,,,
4,,,,,,
2,,,,,,
1,,,,,,
499,,,,,,
74,,,,,,
17,,,,,,
7,,,,,,
6,,,,,,
4,,,,,,
3,,,,,,
2,,,,,,
0,,,,,,
593,,,,,,
111,,,,,,
12,,,,,,
10,,,,,,
5,,,,,,
4,,,,,,
3,,,,,,
3,,,,,,
1,,,,,,
307,,,,,,
96,,,,,,
4,,,,,,
3,,,,,,
2,,,,,,
2,,,,,,
1,,,,,,
1,,,,,,
1,,,,,,
571,,,,,,
270,,,,,,
25,,,,,,
6,,,,,,
3,,,,,,
1,,,,,,
0,,,,,,
0,,,,,,
0,,,,,,
365,,,,,,
131,,,,,,
5,,,,,,
4,,,,,,
4,,,,,,
3,,,,,,
2,,,,,,
2,,,,,,
0,,,,,,
168,,,,,,
116,,,,,,
5,,,,,,
3,,,,,,
2,,,,,,
1,,,,,,
0,,,,,,
0,,,,,,
0,,,,,,
223,,,,,,
94,,,,,,
4,,,,,,
3,,,,,,
3,,,,,,
1,,,,,,
1,,,,,,
1,,,,,,
0,,,,,,
1304,,,,,,
297,,,,,,
29,,,,,,
27,,,,,,
27,,,,,,
13,,,,,,
8,,,,,,
4,,,,,,
2,,,,,,
443,,,,,,
341,,,,,,
7,,,,,,
4,,,,,,
4,,,,,,
4,,,,,,
3,,,,,,
0,,,,,,
0,,,,,,
139,,,,,,
28,,,,,,
2,,,,,,
2,,,,,,
2,,,,,,
1,,,,,,
1,,,,,,
1,,,,,,
0,,,,,,
271,,,,,,
88,,,,,,
4,,,,,,
3,,,,,,
3,,,,,,
1,,,,,,
1,,,,,,
0,,,,,,
0,,,,,,
469,,,,,,
188,,,,,,
4,,,,,,
4,,,,,,
2,,,,,,
1,,,,,,
1,,,,,,
0,,,,,,
0,,,,,,
1181,,,,,,
360,,,,,,
30,,,,,,
16,,,,,,
15,,,,,,
13,,,,,,
7,,,,,,
4,,,,,,
3,,,,,,
999,,,,,,
457,,,,,,
209,,,,,,
32,,,,,,
22,,,,,,
7,,,,,,
7,,,,,,
7,,,,,,
2,,,,,,
732,,,,,,
178,,,,,,
10,,,,,,
10,,,,,,
5,,,,,,
5,,,,,,
4,,,,,,
4,,,,,,
2,,,,,,
805,,,,,,
592,,,,,,
53,,,,,,
13,,,,,,
9,,,,,,
5,,,,,,
4,,,,,,
3,,,,,,
3,,,,,,
1866,,,,,,
628,,,,,,
19,,,,,,
17,,,,,,
15,,,,,,
13,,,,,,
11,,,,,,
8,,,,,,
6,,,,,,
308,,,,,,
123,,,,,,
3,,,,,,
3,,,,,,
1,,,,,,
1,,,,,,
0,,,,,,
0,,,,,,
0,,,,,,
249,,,,,,
123,,,,,,
27,,,,,,
7,,,,,,
3,,,,,,
3,,,,,,
2,,,,,,
2,,,,,,
0,,,,,,
674,,,,,,
172,,,,,,
22,,,,,,
20,,,,,,
13,,,,,,
10,,,,,,
7,,,,,,
5,,,,,,
3,,,,,,
3785,,,,,,
2157,,,,,,
628,,,,,,
134,,,,,,
89,,,,,,
29,,,,,,
28,,,,,,
24,,,,,,
23,,,,,,
1979,,,,,,
895,,,,,,
11,,,,,,
9,,,,,,
7,,,,,,
7,,,,,,
5,,,,,,
4,,,,,,
1,,,,,,
189,,,,,,
165,,,,,,
3,,,,,,
1,,,,,,
1,,,,,,
1,,,,,,
1,,,,,,
0,,,,,,
0,,,,,,
457,,,,,,
239,,,,,,
8,,,,,,
6,,,,,,
4,,,,,,
3,,,,,,
3,,,,,,
2,,,,,,
0,,,,,,
1510,,,,,,
805,,,,,,
64,,,,,,
34,,,,,,
20,,,,,,
10,,,,,,
9,,,,,,
8,,,,,,
6,,,,,,
308,,,,,,
107,,,,,,
7,,,,,,
4,,,,,,
2,,,,,,
1,,,,,,
1,,,,,,
1,,,,,,
0,,,,,,
1016,,,,,,
371,,,,,,
27,,,,,,
16,,,,,,
10,,,,,,
8,,,,,,
5,,,,,,
5,,,,,,
4,,,,,,
266,,,,,,
136,,,,,,
11,,,,,,
8,,,,,,
6,,,,,,
3,,,,,,
2,,,,,,
0,,,,,,
0,,,,,,
5668,,,,,,
1778,,,,,,
116,,,,,,
108,,,,,,
62,,,,,,
55,,,,,,
31,,,,,,
27,,,,,,
26,,,,,,
1970,,,,,,
407,,,,,,
31,,,,,,
17,,,,,,
11,,,,,,
7,,,,,,
7,,,,,,
7,,,,,,
5,,,,,,
492,,,,,,
109,,,,,,
13,,,,,,
8,,,,,,
5,,,,,,
3,,,,,,
3,,,,,,
3,,,,,,
2,,,,,,
414,,,,,,
99,,,,,,
26,,,,,,
16,,,,,,
8,,,,,,
7,,,,,,
5,,,,,,
2,,,,,,
2,,,,,,
2144,,,,,,
713,,,,,,
66,,,,,,
43,,,,,,
18,,,,,,
11,,,,,,
10,,,,,,
7,,,,,,
7,,,,,,
3028,,,,,,
579,,,,,,
62,,,,,,
33,,,,,,
30,,,,,,
25,,,,,,
10,,,,,,
7,,,,,,
4,,,,,,
322,,,,,,
112,,,,,,
3,,,,,,
2,,,,,,
2,,,,,,
2,,,,,,
2,,,,,,
1,,,,,,
1,,,,,,
2312,,,,,,
837,,,,,,
55,,,,,,
38,,,,,,
33,,,,,,
21,,,,,,
19,,,,,,
19,,,,,,
16,,,,,,
502,,,,,,
158,,,,,,
4,,,,,,
4,,,,,,
2,,,,,,
2,,,,,,
2,,,,,,
2,,,,,,
2,,,,,,
136,,,,,,
84,,,,,,
13,,,,,,
11,,,,,,
2,,,,,,
1,,,,,,
1,,,,,,
1,,,,,,
0,,,,,,
47,,,,,,
14,,,,,,
1,,,,,,
0,,,,,,
0,,,,,,
0,,,,,,
0,,,,,,
0,,,,,,
0,,,,,,
1336,,,,,,
648,,,,,,
144,,,,,,
33,,,,,,
12,,,,,,
8,,,,,,
7,,,,,,
6,,,,,,
2,,,,,,
589,,,,,,
272,,,,,,
12,,,,,,
7,,,,,,
6,,,,,,
3,,,,,,
2,,,,,,
1,,,,,,
1,,,,,,
256,,,,,,
82,,,,,,
13,,,,,,
7,,,,,,
5,,,,,,
4,,,,,,
1,,,,,,
0,,,,,,
0,,,,,,
549,,,,,,
107,,,,,,
13,,,,,,
10,,,,,,
9,,,,,,
7,,,,,,
6,,,,,,
4,,,,,,
2,,,,,,
3802,,,,,,
1482,,,,,,
26,,,,,,
10,,,,,,
10,,,,,,
9,,,,,,
7,,,,,,
6,,,,,,
6,,,,,,
819,,,,,,
113,,,,,,
25,,,,,,
10,,,,,,
8,,,,,,
8,,,,,,
5,,,,,,
5,,,,,,
0,,,,,,
578,,,,,,
217,,,,,,
12,,,,,,
4,,,,,,
4,,,,,,
3,,,,,,
3,,,,,,
2,,,,,,
2,,,,,,
527,,,,,,
185,,,,,,
10,,,,,,
6,,,,,,
5,,,,,,
3,,,,,,
2,,,,,,
0,,,,,,
0,,,,,,
464,,,,,,
181,,,,,,
14,,,,,,
6,,,,,,
5,,,,,,
4,,,,,,
2,,,,,,
1,,,,,,
1,,,,,,
8480,,,,,,
3775,,,,,,
61,,,,,,
41,,,,,,
40,,,,,,
38,,,,,,
34,,,,,,
23,,,,,,
15,,,,,,
1015,,,,,,
264,,,,,,
8,,,,,,
7,,,,,,
4,,,,,,
3,,,,,,
2,,,,,,
2,,,,,,
1,,,,,,
3032,,,,,,
1082,,,,,,
91,,,,,,
82,,,,,,
33,,,,,,
25,,,,,,
21,,,,,,
20,,,,,,
19,,,,,,
329,,,,,,
102,,,,,,
55,,,,,,
9,,,,,,
6,,,,,,
4,,,,,,
2,,,,,,
2,,,,,,
0,,,,,,
70,,,,,,
39,,,,,,
1,,,,,,
1,,,,,,
1,,,,,,
0,,,,,,
0,,,,,,
0,,,,,,
0,,,,,,
1176,,,,,,
316,,,,,,
13,,,,,,
8,,,,,,
7,,,,,,
5,,,,,,
5,,,,,,
4,,,,,,
2,,,,,,
698,,,,,,
289,,,,,,
11,,,,,,
6,,,,,,
4,,,,,,
4,,,,,,
3,,,,,,
3,,,,,,
2,,,,,,
340,,,,,,
120,,,,,,
4,,,,,,
3,,,,,,
1,,,,,,
1,,,,,,
1,,,,,,
1,,,,,,
0,,,,,,
2454,,,,,,
875,,,,,,
17,,,,,,
8,,,,,,
8,,,,,,
8,,,,,,
7,,,,,,
7,,,,,,
4,,,,,,
444,,,,,,
331,,,,,,
9,,,,,,
4,,,,,,
2,,,,,,
2,,,,,,
1,,,,,,
1,,,,,,
0,,,,,,
135,,,,,,
54,,,,,,
1,,,,,,
0,,,,,,
0,,,,,,
0,,,,,,
0,,,,,,
0,,,,,,
0,,,,,,
279,,,,,,
99,,,,,,
4,,,,,,
2,,,,,,
1,,,,,,
1,,,,,,
0,,,,,,
0,,,,,,
0,,,,,,
423,,,,,,
159,,,,,,
39,,,,,,
14,,,,,,
4,,,,,,
2,,,,,,
1,,,,,,
1,,,,,,
0,,,,,,
392,,,,,,
99,,,,,,
8,,,,,,
7,,,,,,
7,,,,,,
4,,,,,,
4,,,,,,
0,,,,,,
0,,,,,,
2609,,,,,,
426,,,,,,
57,,,,,,
32,,,,,,
29,,,,,,
19,,,,,,
14,,,,,,
9,,,,,,
7,,,,,,
1155,,,,,,
683,,,,,,
12,,,,,,
11,,,,,,
10,,,,,,
7,,,,,,
4,,,,,,
4,,,,,,
2,,,,,,
772,,,,,,
316,,,,,,
14,,,,,,
9,,,,,,
8,,,,,,
6,,,,,,
4,,,,,,
3,,,,,,
0,,,,,,
680,,,,,,
145,,,,,,
8,,,,,,
7,,,,,,
7,,,,,,
7,,,,,,
5,,,,,,
2,,,,,,
1,,,,,,
242,,,,,,
81,,,,,,
5,,,,,,
3,,,,,,
2,,,,,,
1,,,,,,
0,,,,,,
0,,,,,,
0,,,,,,
494,,,,,,
105,,,,,,
17,,,,,,
7,,,,,,
4,,,,,,
3,,,,,,
3,,,,,,
3,,,,,,
2,,,,,,
417,,,,,,
284,,,,,,
23,,,,,,
8,,,,,,
7,,,,,,
4,,,,,,
3,,,,,,
1,,,,,,
1,,,,,,
574,,,,,,
144,,,,,,
27,,,,,,
17,,,,,,
10,,,,,,
7,,,,,,
3,,,,,,
1,,,,,,
0,,,,,,
606,,,,,,
225,,,,,,
10,,,,,,
5,,,,,,
5,,,,,,
4,,,,,,
2,,,,,,
1,,,,,,
0,,,,,,
1538,,,,,,
643,,,,,,
7,,,,,,
6,,,,,,
5,,,,,,
5,,,,,,
2,,,,,,
2,,,,,,
1,,,,,,
1034,,,,,,
420,,,,,,
13,,,,,,
4,,,,,,
3,,,,,,
3,,,,,,
3,,,,,,
1,,,,,,
0,,,,,,
890,,,,,,
277,,,,,,
27,,,,,,
19,,,,,,
11,,,,,,
10,,,,,,
8,,,,,,
4,,,,,,
2,,,,,,
249,,,,,,
155,,,,,,
8,,,,,,
3,,,,,,
2,,,,,,
2,,,,,,
1,,,,,,
1,,,,,,
0,,,,,,
47,,,,,,
5,,,,,,
2,,,,,,
1,,,,,,
0,,,,,,
0,,,,,,
0,,,,,,
0,,,,,,
0,,,,,,
92,,,,,,
29,,,,,,
2,,,,,,
2,,,,,,
1,,,,,,
1,,,,,,
1,,,,,,
1,,,,,,
0,,,,,,
816,,,,,,
388,,,,,,
9,,,,,,
7,,,,,,
3,,,,,,
3,,,,,,
2,,,,,,
1,,,,,,
1,,,,,,
395,,,,,,
158,,,,,,
8,,,,,,
6,,,,,,
4,,,,,,
3,,,,,,
2,,,,,,
1,,,,,,
0,,,,,,
907,,,,,,
301,,,,,,
24,,,,,,
16,,,,,,
9,,,,,,
8,,,,,,
6,,,,,,
5,,,,,,
3,,,,,,
236,,,,,,
85,,,,,,
3,,,,,,
1,,,,,,
1,,,,,,
0,,,,,,
0,,,,,,
0,,,,,,
0,,,,,,
324,,,,,,
145,,,,,,
7,,,,,,
6,,,,,,
4,,,,,,
3,,,,,,
1,,,,,,
1,,,,,,
0,,,,,,
761,,,,,,
458,,,,,,
16,,,,,,
5,,,,,,
4,,,,,,
3,,,,,,
1,,,,,,
1,,,,,,
1,,,,,,
458,,,,,,
108,,,,,,
10,,,,,,
10,,,,,,
6,,,,,,
5,,,,,,
3,,,,,,
1,,,,,,
0,,,,,,
2453,,,,,,
937,,,,,,
23,,,,,,
15,,,,,,
13,,,,,,
8,,,,,,
8,,,,,,
6,,,,,,
6,,,,,,
635,,,,,,
142,,,,,,
15,,,,,,
9,,,,,,
7,,,,,,
5,,,,,,
2,,,,,,
2,,,,,,
1,,,,,,
347,,,,,,
75,,,,,,
10,,,,,,
6,,,,,,
4,,,,,,
3,,,,,,
3,,,,,,
2,,,,,,
1,,,,,,
553,,,,,,
209,,,,,,
7,,,,,,
3,,,,,,
3,,,,,,
3,,,,,,
1,,,,,,
1,,,,,,
0,,,,,,
1334,,,,,,
361,,,,,,
40,,,,,,
23,,,,,,
7,,,,,,
6,,,,,,
5,,,,,,
5,,,,,,
5,,,,,,
544,,,,,,
136,,,,,,
21,,,,,,
7,,,,,,
5,,,,,,
5,,,,,,
4,,,,,,
4,,,,,,
0,,,,,,
239,,,,,,
100,,,,,,
3,,,,,,
3,,,,,,
2,,,,,,
2,,,,,,
2,,,,,,
0,,,,,,
0,,,,,,
248,,,,,,
75,,,,,,
6,,,,,,
4,,,,,,
3,,,,,,
3,,,,,,
2,,,,,,
2,,,,,,
0,,,,,,
1068,,,,,,
325,,,,,,
7,,,,,,
6,,,,,,
2,,,,,,
2,,,,,,
2,,,,,,
1,,,,,,
0,,,,,,
104,,,,,,
25,,,,,,
15,,,,,,
3,,,,,,
2,,,,,,
1,,,,,,
0,,,,,,
0,,,,,,
0,,,,,,
878,,,,,,
779,,,,,,
50,,,,,,
19,,,,,,
12,,,,,,
12,,,,,,
8,,,,,,
7,,,,,,
5,,,,,,
172,,,,,,
48,,,,,,
4,,,,,,
3,,,,,,
3,,,,,,
1,,,,,,
1,,,,,,
1,,,,,,
0,,,,,,
316,,,,,,
126,,,,,,
5,,,,,,
5,,,,,,
2,,,,,,
0,,,,,,
0,,,,,,
0,,,,,,
0,,,,,,
883,,,,,,
178,,,,,,
34,,,,,,
21,,,,,,
14,,,,,,
9,,,,,,
6,,,,,,
6,,,,,,
3,,,,,,
1045,,,,,,
371,,,,,,
24,,,,,,
7,,,,,,
7,,,,,,
6,,,,,,
5,,,,,,
5,,,,,,
4,,,,,,
588,,,,,,
222,,,,,,
7,,,,,,
6,,,,,,
6,,,,,,
3,,,,,,
2,,,,,,
1,,,,,,
1,,,,,,
380,,,,,,
221,,,,,,
2,,,,,,
1,,,,,,
0,,,,,,
0,,,,,,
0,,,,,,
0,,,,,,
0,,,,,,
301,,,,,,
112,,,,,,
16,,,,,,
7,,,,,,
4,,,,,,
3,,,,,,
2,,,,,,
2,,,,,,
0,,,,,,
145,,,,,,
43,,,,,,
20,,,,,,
3,,,,,,
2,,,,,,
2,,,,,,
1,,,,,,
0,,,,,,
0,,,,,,
484,,,,,,
190,,,,,,
39,,,,,,
14,,,,,,
12,,,,,,
4,,,,,,
4,,,,,,
1,,,,,,
0,,,,,,
1526,,,,,,
231,,,,,,
35,,,,,,
16,,,,,,
12,,,,,,
12,,,,,,
9,,,,,,
7,,,,,,
3,,,,,,
5158,,,,,,
1552,,,,,,
32,,,,,,
21,,,,,,
19,,,,,,
14,,,,,,
12,,,,,,
12,,,,,,
9,,,,,,
694,,,,,,
381,,,,,,
23,,,,,,
12,,,,,,
7,,,,,,
7,,,,,,
4,,,,,,
4,,,,,,
2,,,,,,
192,,,,,,
69,,,,,,
7,,,,,,
4,,,,,,
3,,,,,,
3,,,,,,
1,,,,,,
0,,,,,,
0,,,,,,
1225,,,,,,
525,,,,,,
32,,,,,,
27,,,,,,
13,,,,,,
11,,,,,,
9,,,,,,
9,,,,,,
8,,,,,,
525,,,,,,
157,,,,,,
9,,,,,,
8,,,,,,
4,,,,,,
2,,,,,,
2,,,,,,
2,,,,,,
0,,,,,,
447,,,,,,
189,,,,,,
9,,,,,,
8,,,,,,
6,,,,,,
4,,,,,,
2,,,,,,
1,,,,,,
1,,,,,,
1947,,,,,,
1575,,,,,,
27,,,,,,
18,,,,,,
16,,,,,,
16,,,,,,
10,,,,,,
7,,,,,,
7,,,,,,
662,,,,,,
224,,,,,,
13,,,,,,
7,,,,,,
5,,,,,,
3,,,,,,
2,,,,,,
2,,,,,,
1,,,,,,
396,,,,,,
159,,,,,,
12,,,,,,
10,,,,,,
4,,,,,,
3,,,,,,
3,,,,,,
1,,,,,,
0,,,,,,
110,,,,,,
51,,,,,,
22,,,,,,
5,,,,,,
1,,,,,,
1,,,,,,
1,,,,,,
0,,,,,,
0,,,,,,
1446,,,,,,
582,,,,,,
17,,,,,,
11,,,,,,
10,,,,,,
10,,,,,,
7,,,,,,
4,,,,,,
0,,,,,,
362,,,,,,
239,,,,,,
9,,,,,,
6,,,,,,
2,,,,,,
2,,,,,,
1,,,,,,
0,,,,,,
0,,,,,,
1544,,,,,,
507,,,,,,
46,,,,,,
25,,,,,,
22,,,,,,
12,,,,,,
7,,,,,,
5,,,,,,
4,,,,,,
3264,,,,,,
2855,,,,,,
184,,,,,,
59,,,,,,
38,,,,,,
26,,,,,,
20,,,,,,
18,,,,,,
11,,,,,,
433,,,,,,
138,,,,,,
7,,,,,,
5,,,,,,
3,,,,,,
3,,,,,,
2,,,,,,
2,,,,,,
0,,,,,,
577,,,,,,
135,,,,,,
10,,,,,,
5,,,,,,
5,,,,,,
4,,,,,,
3,,,,,,
0,,,,,,
0,,,,,,
409,,,,,,
98,,,,,,
12,,,,,,
10,,,,,,
9,,,,,,
4,,,,,,
4,,,,,,
4,,,,,,
1,,,,,,
1542,,,,,,
625,,,,,,
25,,,,,,
11,,,,,,
10,,,,,,
9,,,,,,
7,,,,,,
5,,,,,,
2,,,,,,
393,,,,,,
106,,,,,,
12,,,,,,
9,,,,,,
7,,,,,,
5,,,,,,
3,,,,,,
1,,,,,,
0,,,,,,
604,,,,,,
203,,,,,,
11,,,,,,
9,,,,,,
8,,,,,,
4,,,,,,
2,,,,,,
2,,,,,,
1,,,,,,
189,,,,,,
127,,,,,,
5,,,,,,
4,,,,,,
2,,,,,,
2,,,,,,
0,,,,,,
0,,,,,,
0,,,,,,
360,,,,,,
75,,,,,,
12,,,,,,
11,,,,,,
11,,,,,,
5,,,,,,
2,,,,,,
1,,,,,,
0,,,,,,
59,,,,,,
6,,,,,,
0,,,,,,
0,,,,,,
0,,,,,,
0,,,,,,
0,,,,,,
0,,,,,,
0,,,,,,
695,,,,,,
181,,,,,,
9,,,,,,
6,,,,,,
5,,,,,,
5,,,,,,
3,,,,,,
2,,,,,,
2,,,,,,
10600,,,,,,
10548,,,,,,
177,,,,,,
91,,,,,,
87,,,,,,
83,,,,,,
56,,,,,,
47,,,,,,
32,,,,,,
658,,,,,,
202,,,,,,
5,,,,,,
3,,,,,,
2,,,,,,
2,,,,,,
1,,,,,,
1,,,,,,
0,,,,,,
663,,,,,,
436,,,,,,
10,,,,,,
8,,,,,,
5,,,,,,
4,,,,,,
2,,,,,,
2,,,,,,
0,,,,,,
1582,,,,,,
540,,,,,,
16,,,,,,
10,,,,,,
10,,,,,,
9,,,,,,
7,,,,,,
6,,,,,,
4,,,,,,
375,,,,,,
84,,,,,,
15,,,,,,
7,,,,,,
2,,,,,,
2,,,,,,
2,,,,,,
1,,,,,,
0,,,,,,
817,,,,,,
195,,,,,,
22,,,,,,
12,,,,,,
10,,,,,,
4,,,,,,
3,,,,,,
3,,,,,,
3,,,,,,
1584,,,,,,
411,,,,,,
44,,,,,,
26,,,,,,
23,,,,,,
16,,,,,,
12,,,,,,
7,,,,,,
6,,,,,,
565,,,,,,
177,,,,,,
17,,,,,,
9,,,,,,
7,,,,,,
2,,,,,,
1,,,,,,
1,,,,,,
1,,,,,,
376,,,,,,
105,,,,,,
14,,,,,,
12,,,,,,
7,,,,,,
4,,,,,,
3,,,,,,
2,,,,,,
1,,,,,,
1979,,,,,,
838,,,,,,
14,,,,,,
5,,,,,,
4,,,,,,
3,,,,,,
3,,,,,,
2,,,,,,
2,,,,,,
552,,,,,,
143,,,,,,
12,,,,,,
10,,,,,,
6,,,,,,
4,,,,,,
2,,,,,,
1,,,,,,
0,,,,,,
1202,,,,,,
428,,,,,,
50,,,,,,
32,,,,,,
15,,,,,,
10,,,,,,
2,,,,,,
2,,,,,,
1,,,,,,
632,,,,,,
179,,,,,,
11,,,,,,
7,,,,,,
7,,,,,,
3,,,,,,
3,,,,,,
2,,,,,,
0,,,,,,
1143,,,,,,
235,,,,,,
29,,,,,,
11,,,,,,
8,,,,,,
6,,,,,,
6,,,,,,
6,,,,,,
4,,,,,,
7187,,,,,,
2099,,,,,,
57,,,,,,
45,,,,,,
32,,,,,,
29,,,,,,
24,,,,,,
15,,,,,,
11,,,,,,
479,,,,,,
100,,,,,,
13,,,,,,
11,,,,,,
10,,,,,,
5,,,,,,
4,,,,,,
3,,,,,,
2,,,,,,
244,,,,,,
93,,,,,,
10,,,,,,
4,,,,,,
3,,,,,,
1,,,,,,
1,,,,,,
1,,,,,,
0,,,,,,
578,,,,,,
204,,,,,,
17,,,,,,
7,,,,,,
5,,,,,,
3,,,,,,
3,,,,,,
2,,,,,,
2,,,,,,
566,,,,,,
268,,,,,,
6,,,,,,
2,,,,,,
2,,,,,,
2,,,,,,
1,,,,,,
0,,,,,,
0,,,,,,
428,,,,,,
97,,,,,,
11,,,,,,
11,,,,,,
6,,,,,,
4,,,,,,
3,,,,,,
2,,,,,,
0,,,,,,
514,,,,,,
216,,,,,,
20,,,,,,
6,,,,,,
3,,,,,,
1,,,,,,
1,,,,,,
1,,,,,,
1,,,,,,
543,,,,,,
154,,,,,,
25,,,,,,
8,,,,,,
7,,,,,,
6,,,,,,
3,,,,,,
2,,,,,,
0,,,,,,
1135,,,,,,
279,,,,,,
15,,,,,,
9,,,,,,
9,,,,,,
6,,,,,,
6,,,,,,
5,,,,,,
2,,,,,,
1924,,,,,,
414,,,,,,
37,,,,,,
37,,,,,,
26,,,,,,
13,,,,,,
9,,,,,,
6,,,,,,
5,,,,,,
928,,,,,,
402,,,,,,
25,,,,,,
15,,,,,,
13,,,,,,
3,,,,,,
3,,,,,,
2,,,,,,
0,,,,,,
630,,,,,,
261,,,,,,
18,,,,,,
15,,,,,,
13,,,,,,
7,,,,,,
3,,,,,,
3,,,,,,
0,,,,,,
663,,,,,,
610,,,,,,
26,,,,,,
11,,,,,,
4,,,,,,
3,,,,,,
2,,,,,,
1,,,,,,
0,,,,,,
922,,,,,,
385,,,,,,
78,,,,,,
54,,,,,,
7,,,,,,
4,,,,,,
3,,,,,,
3,,,,,,
2,,,,,,
662,,,,,,
225,,,,,,
7,,,,,,
7,,,,,,
3,,,,,,
3,,,,,,
2,,,,,,
0,,,,,,
0,,,,,,
96,,,,,,
33,,,,,,
4,,,,,,
4,,,,,,
2,,,,,,
1,,,,,,
0,,,,,,
0,,,,,,
0,,,,,,
1139,,,,,,
553,,,,,,
14,,,,,,
9,,,,,,
8,,,,,,
7,,,,,,
7,,,,,,
4,,,,,,
0,,,,,,
452,,,,,,
132,,,,,,
12,,,,,,
8,,,,,,
6,,,,,,
5,,,,,,
4,,,,,,
3,,,,,,
0,,,,,,
446,,,,,,
144,,,,,,
11,,,,,,
2,,,,,,
1,,,,,,
1,,,,,,
1,,,,,,
1,,,,,,
0,,,,,,
1004,,,,,,
198,,,,,,
17,,,,,,
16,,,,,,
14,,,,,,
6,,,,,,
5,,,,,,
5,,,,,,
5,,,,,,
9874,,,,,,
3085,,,,,,
64,,,,,,
55,,,,,,
49,,,,,,
47,,,,,,
45,,,,,,
41,,,,,,
18,,,,,,
2367,,,,,,
507,,,,,,
24,,,,,,
23,,,,,,
21,,,,,,
10,,,,,,
10,,,,,,
8,,,,,,
7,,,,,,
890,,,,,,
189,,,,,,
16,,,,,,
14,,,,,,
13,,,,,,
5,,,,,,
4,,,,,,
3,,,,,,
2,,,,,,
948,,,,,,
243,,,,,,
38,,,,,,
26,,,,,,
19,,,,,,
9,,,,,,
7,,,,,,
4,,,,,,
4,,,,,,
128,,,,,,
67,,,,,,
8,,,,,,
6,,,,,,
1,,,,,,
0,,,,,,
0,,,,,,
0,,,,,,
0,,,,,,
443,,,,,,
165,,,,,,
7,,,,,,
5,,,,,,
3,,,,,,
3,,,,,,
1,,,,,,
1,,,,,,
1,,,,,,
649,,,,,,
293,,,,,,
4,,,,,,
2,,,,,,
2,,,,,,
2,,,,,,
1,,,,,,
1,,,,,,
0,,,,,,
1326,,,,,,
449,,,,,,
11,,,,,,
8,,,,,,
8,,,,,,
4,,,,,,
4,,,,,,
4,,,,,,
1,,,,,,
613,,,,,,
186,,,,,,
7,,,,,,
5,,,,,,
3,,,,,,
3,,,,,,
2,,,,,,
1,,,,,,
0,,,,,,
621,,,,,,
84,,,,,,
14,,,,,,
14,,,,,,
11,,,,,,
8,,,,,,
5,,,,,,
4,,,,,,
2,,,,,,
2386,,,,,,
391,,,,,,
46,,,,,,
25,,,,,,
22,,,,,,
12,,,,,,
7,,,,,,
6,,,,,,
4,,,,,,
465,,,,,,
162,,,,,,
9,,,,,,
9,,,,,,
7,,,,,,
5,,,,,,
2,,,,,,
0,,,,,,
0,,,,,,
76,,,,,,
48,,,,,,
2,,,,,,
1,,,,,,
1,,,,,,
1,,,,,,
0,,,,,,
0,,,,,,
0,,,,,,
291,,,,,,
104,,,,,,
7,,,,,,
4,,,,,,
2,,,,,,
2,,,,,,
1,,,,,,
0,,,,,,
0,,,,,,
27,,,,,,
13,,,,,,
1,,,,,,
1,,,,,,
1,,,,,,
0,,,,,,
0,,,,,,
0,,,,,,
0,,,,,,
539,,,,,,
128,,,,,,
8,,,,,,
8,,,,,,
5,,,,,,
3,,,,,,
2,,,,,,
2,,,,,,
1,,,,,,
1109,,,,,,
254,,,,,,
15,,,,,,
9,,,,,,
5,,,,,,
4,,,,,,
2,,,,,,
1,,,,,,
1,,,,,,
106,,,,,,
57,,,,,,
1,,,,,,
0,,,,,,
0,,,,,,
0,,,,,,
0,,,,,,
0,,,,,,
0,,,,,,
312,,,,,,
161,,,,,,
6,,,,,,
2,,,,,,
1,,,,,,
1,,,,,,
0,,,,,,
0,,,,,,
0,,,,,,
411,,,,,,
97,,,,,,
13,,,,,,
4,,,,,,
4,,,,,,
3,,,,,,
2,,,,,,
2,,,,,,
1,,,,,,
130,,,,,,
34,,,,,,
4,,,,,,
2,,,,,,
1,,,,,,
0,,,,,,
0,,,,,,
0,,,,,,
0,,,,,,
699,,,,,,
566,,,,,,
26,,,,,,
15,,,,,,
8,,,,,,
7,,,,,,
5,,,,,,
2,,,,,,
0,,,,,,
280,,,,,,
157,,,,,,
15,,,,,,
15,,,,,,
3,,,,,,
3,,,,,,
2,,,,,,
0,,,,,,
0,,,,,,
119,,,,,,
49,,,,,,
1,,,,,,
1,,,,,,
1,,,,,,
0,,,,,,
0,,,,,,
0,,,,,,
0,,,,,,
1108,,,,,,
397,,,,,,
22,,,,,,
16,,,,,,
6,,,,,,
5,,,,,,
4,,,,,,
3,,,,,,
3,,,,,,
3961,,,,,,
1943,,,,,,
65,,,,,,
60,,,,,,
40,,,,,,
30,,,,,,
26,,,,,,
19,,,,,,
18,,,,,,
101,,,,,,
28,,,,,,
4,,,,,,
2,,,,,,
1,,,,,,
1,,,,,,
1,,,,,,
1,,,,,,
0,,,,,,
1449,,,,,,
622,,,,,,
24,,,,,,
22,,,,,,
19,,,,,,
7,,,,,,
6,,,,,,
6,,,,,,
2,,,,,,
1395,,,,,,
214,,,,,,
40,,,,,,
19,,,,,,
19,,,,,,
10,,,,,,
9,,,,,,
5,,,,,,
5,,,,,,
2016,,,,,,
989,,,,,,
12,,,,,,
11,,,,,,
9,,,,,,
8,,,,,,
6,,,,,,
2,,,,,,
1,,,,,,
266,,,,,,
52,,,,,,
14,,,,,,
7,,,,,,
5,,,,,,
3,,,,,,
2,,,,,,
1,,,,,,
1,,,,,,
314,,,,,,
91,,,,,,
4,,,,,,
3,,,,,,
3,,,,,,
2,,,,,,
2,,,,,,
1,,,,,,
1,,,,,,
921,,,,,,
449,,,,,,
12,,,,,,
7,,,,,,
3,,,,,,
3,,,,,,
3,,,,,,
2,,,,,,
1,,,,,,
1282,,,,,,
380,,,,,,
16,,,,,,
14,,,,,,
8,,,,,,
6,,,,,,
6,,,,,,
4,,,,,,
2,,,,,,
205,,,,,,
45,,,,,,
4,,,,,,
3,,,,,,
1,,,,,,
0,,,,,,
0,,,,,,
0,,,,,,
0,,,,,,
536,,,,,,
78,,,,,,
15,,,,,,
15,,,,,,
13,,,,,,
6,,,,,,
2,,,,,,
0,,,,,,
0,,,,,,
258,,,,,,
76,,,,,,
4,,,,,,
3,,,,,,
3,,,,,,
2,,,,,,
2,,,,,,
1,,,,,,
0,,,,,,
447,,,,,,
198,,,,,,
8,,,,,,
6,,,,,,
2,,,,,,
1,,,,,,
1,,,,,,
1,,,,,,
0,,,,,,
4170,,,,,,
1655,,,,,,
15,,,,,,
7627,,,,,,
4212,,,,,,
30,,,,,,
65170,,,,,,
36939,,,,,,
410,,,,,,
24936,,,,,,
17922,,,,,,
188,,,,,,
24640,,,,,,
24366,,,,,,
82,,,,,,
138196,,,,,,
132984,,,,,,
715,,,,,,
1819,,,,,,
652,,,,,,
4,,,,,,
37453,,,,,,
22213,,,,,,
193,,,,,,
13958,,,,,,
7176,,,,,,
90,,,,,,
3000,,,,,,
1345,,,,,,
23,,,,,,
19488,,,,,,
12803,,,,,,
96,,,,,,
1118,,,,,,
349,,,,,,
11,,,,,,
26645,,,,,,
10772,,,,,,
109,,,,,,
21686,,,,,,
16502,,,,,,
119,,,,,,
28239,,,,,,
25145,,,,,,
153,,,,,,
16992,,,,,,
7651,,,,,,
59,,,,,,
887374,,,,,,
307022,,,,,,
3653,,,,,,
87766,,,,,,
69288,,,,,,
530,,,,,,
15567,,,,,,
10529,,,,,,
87,,,,,,
7735,,,,,,
5693,,,,,,
27,,,,,,
31306,,,,,,
13821,,,,,,
122,,,,,,
5450,,,,,,
1526,,,,,,
26,,,,,,
20562,,,,,,
16502,,,,,,
104,,,,,,
12843,,,,,,
8298,,,,,,
54,,,,,,
7463,,,,,,
6514,,,,,,
41,,,,,,
5959,,,,,,
2513,,,,,,
31,,,,,,
238097,,,,,,
220904,,,,,,
1730,,,,,,
9621,,,,,,
3465,,,,,,
23,,,,,,
36444,,,,,,
36404,,,,,,
231,,,,,,
4116,,,,,,
3129,,,,,,
15,,,,,,
244876,,,,,,
189797,,,,,,
1607,,,,,,
161138,,,,,,
131734,,,,,,
1053,,,,,,
20902,,,,,,
7393,,,,,,
76,,,,,,
93723,,,,,,
72506,,,,,,
571,,,,,,
1862,,,,,,
1102,,,,,,
6,,,,,,
17590,,,,,,
13305,,,,,,
94,,,,,,
81992,,,,,,
55544,,,,,,
399,,,,,,
10806,,,,,,
10056,,,,,,
72,,,,,,
54097,,,,,,
41152,,,,,,
296,,,,,,
4783,,,,,,
1419,,,,,,
276,,,,,,
74,,,,,,
28841,,,,,,
15253,,,,,,
2005,,,,,,
1798,,,,,,
5765,,,,,,
2829,,,,,,
152,,,,,,
151,,,,,,
95,,,,,,
3799,,,,,,
1492,,,,,,
184,,,,,,
70,,,,,,
6840,,,,,,
2964,,,,,,
437,,,,,,
168,,,,,,
20750,,,,,,
14151,,,,,,
923,,,,,,
361,,,,,,
2141,,,,,,
632,,,,,,
76,,,,,,
37,,,,,,
2370,,,,,,
734,,,,,,
78,,,,,,
36,,,,,,
2330,,,,,,
473,,,,,,
110,,,,,,
51,,,,,,
10076,,,,,,
5587,,,,,,
477,,,,,,
357,,,,,,
194,,,,,,
1773,,,,,,
623,,,,,,
139,,,,,,
45,,,,,,
0,,,,,,
4302,,,,,,
609,,,,,,
136,,,,,,
110,,,,,,
10973,,,,,,
4053,,,,,,
309,,,,,,
229,,,,,,
160,,,,,,
7111,,,,,,
1835,,,,,,
334,,,,,,
286,,,,,,
261,,,,,,
8995,,,,,,
3868,,,,,,
444,,,,,,
204,,,,,,
4364,,,,,,
1471,,,,,,
160,,,,,,
125,,,,,,
19074,,,,,,
8778,,,,,,
1343,,,,,,
700,,,,,,
342,,,,,,
8932,,,,,,
3418,,,,,,
280,,,,,,
121,,,,,,
0,,,,,,
14010,,,,,,
10563,,,,,,
1554,,,,,,
691,,,,,,
41310,,,,,,
37101,,,,,,
1535,,,,,,
1500,,,,,,
557,,,,,,
5407,,,,,,
1393,,,,,,
448,,,,,,
77,,,,,,
0,,,,,,
5265,,,,,,
2164,,,,,,
96,,,,,,
53,,,,,,
9436,,,,,,
3052,,,,,,
161,,,,,,
96,,,,,,
0,,,,,,
4861,,,,,,
1321,,,,,,
55,,,,,,
43,,,,,,
0,,,,,,
15253,,,,,,
8632,,,,,,
1135,,,,,,
320,,,,,,
291,,,,,,
9324,,,,,,
3839,,,,,,
450,,,,,,
190,,,,,,
0,,,,,,
7519,,,,,,
2898,,,,,,
317,,,,,,
262,,,,,,
126,,,,,,
18340,,,,,,
5052,,,,,,
703,,,,,,
571,,,,,,
281,,,,,,
9535,,,,,,
2412,,,,,,
385,,,,,,
257,,,,,,
7454,,,,,,
2022,,,,,,
127,,,,,,
81,,,,,,
19854,,,,,,
19460,,,,,,
1557,,,,,,
463,,,,,,
423,,,,,,
4764,,,,,,
1284,,,,,,
110,,,,,,
65,,,,,,
5948,,,,,,
1850,,,,,,
317,,,,,,
232,,,,,,
7518,,,,,,
2414,,,,,,
298,,,,,,
186,,,,,,
101,,,,,,
11775,,,,,,
6984,,,,,,
718,,,,,,
177,,,,,,
2664,,,,,,
774,,,,,,
96,,,,,,
49,,,,,,
2596,,,,,,
670,,,,,,
79,,,,,,
47,,,,,,
2737,,,,,,
965,,,,,,
97,,,,,,
52,,,,,,
10023,,,,,,
3240,,,,,,
534,,,,,,
211,,,,,,
17251,,,,,,
8831,,,,,,
1420,,,,,,
656,,,,,,
212,,,,,,
22259,,,,,,
8962,,,,,,
615,,,,,,
565,,,,,,
297,,,,,,
7915,,,,,,
3349,,,,,,
372,,,,,,
82,,,,,,
0,,,,,,
3234,,,,,,
665,,,,,,
123,,,,,,
60,,,,,,
0,,,,,,
4007,,,,,,
1473,,,,,,
131,,,,,,
49,,,,,,
3773,,,,,,
1502,,,,,,
98,,,,,,
93,,,,,,
58,,,,,,
5058,,,,,,
1769,,,,,,
295,,,,,,
70,,,,,,
2628,,,,,,
944,,,,,,
141,,,,,,
38,,,,,,
2746,,,,,,
745,,,,,,
217,,,,,,
58,,,,,,
0,,,,,,
6951,,,,,,
1915,,,,,,
994,,,,,,
70,,,,,,
11079,,,,,,
4548,,,,,,
422,,,,,,
402,,,,,,
151,,,,,,
2552,,,,,,
659,,,,,,
88,,,,,,
40,,,,,,
4559,,,,,,
1727,,,,,,
180,,,,,,
87,,,,,,
0,,,,,,
1947,,,,,,
483,,,,,,
71,,,,,,
43,,,,,,
26232,,,,,,
9933,,,,,,
1071,,,,,,
819,,,,,,
380,,,,,,
6941,,,,,,
1240,,,,,,
86,,,,,,
53,,,,,,
0,,,,,,
